AccentCity,Population,Latitude,Longitude
Aachen,251104.0,50.770833,6.105278
Aalen,67593.0,48.833333,10.1
Abensberg,12543.0,48.816666999999995,11.85
Achern,24272.0,48.633333,8.066667
Achim,30117.0,53.033333,9.016667
Adendorf,9917.0,53.283333,10.45
Aerzen,12114.0,52.033333,9.266667
Ahaus,38932.0,52.066666999999995,7.0
Ahlen,55112.0,51.75,7.9166669999999995
Ahrensburg,30797.0,53.683333,10.25
Aichach,20935.0,48.466667,11.133333
Ainring,9852.0,47.816666999999995,12.95
Aken,9350.0,51.85,12.05
Albstadt,47064.0,48.25,9.016667
Aldenhoven,14335.0,50.9,6.283333
Alfeld,21258.0,51.983333,9.833333
Alfter,22028.0,50.733333,7.016667
Alpen,12970.0,51.583333,6.516667
Alsdorf,46558.0,50.883333,6.1666669999999995
Alsfeld,17968.0,50.75,9.266667
Altdorf,11709.0,48.15,12.183333
Altena,20641.0,51.3,7.6666669999999995
Altenburg,38338.0,50.983333,12.45
Altenholz,9721.0,54.4,10.133333
Altenstadt,12388.0,50.283333,8.95
Altensteig,11122.0,48.583333,8.6
Altusried,10084.0,47.8,10.216667
Alzenau,19083.0,50.083333,9.066667
Alzey,17945.0,49.751667,8.116111
Amberg,44873.0,49.441389,11.862222000000001
Andernach,29089.0,50.433333000000005,7.4
Anklam,14533.0,53.86666700000001,13.7
Annaberg-Buchholz,22849.0,50.566666999999995,13.0
Ansbach,40822.0,49.3,10.583333
Apen,11093.0,53.216667,7.8
Apolda,24380.0,51.016667,11.5
Arnsberg,77415.0,51.383333,8.083333
Arnstadt,25995.0,50.833333,10.95
Aschaffenburg,69248.0,49.973889,9.149167
Ascheberg,15327.0,51.783333,7.616667
Aschersleben,24569.0,51.75,11.466667
Asperg,12627.0,48.9,9.116667
Attendorn,25014.0,51.116667,7.9
Aue,18630.0,50.583333,12.7
Auerbach,25430.0,50.516667,12.4
Augsburg,261842.0,48.366667,10.883333
Augustdorf,10275.0,51.9,8.733333
Aurich,40987.0,53.466667,7.483333
Babenhausen,16551.0,49.966667,8.957778
Backnang,36477.0,48.95,9.433333
Bad Aibling,17926.0,47.866667,12.0
Bad Bentheim,15436.0,52.316666999999995,7.1666669999999995
Bad Berleburg,20830.0,51.05,8.4
Bad Bevensen,8808.0,53.083332999999996,10.583333
Bad Bramstedt,13303.0,53.916667000000004,9.883333
Bad Camberg,13920.0,50.3,8.266667
Bad Doberan,11373.0,54.1,11.9
Bad Driburg,19743.0,51.733333,9.016667
Bad Ems,9468.0,50.333333,7.716667
Baden-Baden,54802.0,48.75,8.25
Bad Essen,15858.0,52.316666999999995,8.333333
Bad Frankenhausen,9102.0,51.35,11.1
Bad Freienwalde,15108.0,52.783333,14.033332999999999
Bad Gandersheim,11100.0,51.866667,10.033333
Bad Harzburg,22670.0,51.883333,10.566667
Bad Hersfeld,30630.0,50.866667,9.7
Bad Homburg,51923.0,50.216667,8.616667
Bad Iburg,11790.0,52.15,8.05
Bad Kissingen,21527.0,50.2,10.083333
Bad Kreuznach,43317.0,49.833333,7.866667
Bad Krozingen,16051.0,47.916272,7.700622
Bad Laasphe,15268.0,50.933333000000005,8.4
Bad Laer,9514.0,52.1,8.083333
Bad Langensalza,20144.0,51.1,10.65
Bad Lauterberg,11813.0,51.65,10.466667
Bad Liebenwerda,10880.0,51.516667,13.4
Bad Liebenzell,9665.0,48.766667,8.733333
Bad Lippspringe,15054.0,51.783333,8.816667
Bad Mergentheim,22072.0,49.4925,9.773611
Bad Nauheim,30369.0,50.366667,8.75
Bad Nenndorf,10323.0,52.333333,9.366667
Bad Neuenahr-Ahrweiler,27972.0,50.55,7.1
Bad Neustadt,16268.0,50.333333,10.216667
Bad Oeynhausen,49698.0,52.2,8.8
Bad Oldesloe,23982.0,53.816667,10.383333
Bad Orb,10051.0,50.216667,9.35
Bad Pyrmont,21741.0,51.983333,9.25
Bad Rappenau,20868.0,49.240556,9.1025
Bad Reichenhall,16823.0,47.733333,12.883333
Bad Sachsa,8245.0,51.6,10.55
Bad Salzdetfurth,14590.0,52.05,10.0
Bad Salzuflen,55348.0,52.083333,8.766667
Bad Salzungen,16610.0,50.816666999999995,10.233333
Bad Sassendorf,11552.0,51.583333,8.166667
Bad Schwalbach,11259.0,50.133333,8.066667
Bad Schwartau,20052.0,53.916667000000004,10.7
Bad Segeberg,16097.0,53.933333,10.316667
Bad Soden,21418.0,50.133333,8.5
Bad Sooden-Allendorf,8955.0,51.283333,9.983333
Bad Urach,13007.0,48.5,9.4
Bad Vilbel,30933.0,50.183333000000005,8.75
Bad Waldsee,19749.0,47.916667,9.766667
Bad Wildbad,11411.0,48.75,8.55
Bad Wildungen,18078.0,51.116667,9.116667
Bad Windsheim,12033.0,49.5,10.416667
Bad Wurzach,14288.0,47.9,9.9
Bad Zwischenahn,26641.0,53.183333,8.0
Baesweiler,27865.0,50.9,6.183333
Baiersbronn,16156.0,48.5,8.383333
Balingen,34680.0,48.283333,8.85
Balve,12288.0,51.333333,7.866667
Bamberg,70471.0,49.866667,10.866667
Bargteheide,14123.0,53.733332999999995,10.266667
Barmstedt,9558.0,53.783333,9.766667
Barntrup,9666.0,51.983333,9.116667
Barsinghausen,34322.0,52.3,9.45
Barth,9344.0,54.36666700000001,12.733333
Bassum,16204.0,52.85,8.733333
Baunatal,28338.0,51.25,9.416667
Bautzen,41606.0,51.183333000000005,14.433333
Bayreuth,74840.0,49.948056,11.578333
Bebra,14798.0,50.966667,9.8
Beckingen,15959.0,49.4,6.7
Beckum,37914.0,51.75,8.033333
Bedburg,25224.0,51.0,6.5833330000000005
Beeskow,8547.0,52.166667,14.25
Belm,14073.0,52.3,8.133333
Bendorf,17224.0,50.433333000000005,7.566667
Bensheim,39450.0,49.680278,8.616111
Bergen,13586.0,52.816667,9.966667
Bergen,14621.0,54.416667000000004,13.433333
Bergheim,64082.0,50.966667,6.65
Bergisch Gladbach,106611.0,50.983333,7.133333
Bergkamen,52670.0,51.633333,7.633333
Bergneustadt,20865.0,51.033333,7.65
Berlin,3398362.0,52.516667000000005,13.4
Bernau,33481.0,52.666667000000004,13.583332999999998
Bernburg,32859.0,51.8,11.733333
Besigheim,11667.0,48.983333,9.133333
Bestwig,11819.0,51.366667,8.4
Betzdorf,10615.0,50.783333,7.883333
Beverungen,15230.0,51.666667,9.366667
Bexbach,19372.0,49.333333,7.266667
Biberach,32501.0,48.1,9.8
Biblis,8824.0,49.691666999999995,8.458611
Biedenkopf,13736.0,50.916667,8.533333
Bielefeld,327198.0,52.033333,8.533333
Bietigheim-Bissingen,41979.0,48.966667,9.133333
Billerbeck,11578.0,51.966667,7.3
Bingen,24844.0,49.966667,7.9
Birkenau,10406.0,49.5625,8.706944
Birkenfeld,10444.0,48.866667,8.633333
Bischofsheim,12114.0,49.993889,8.367222
Bischofswerda,13577.0,51.116667,14.183333
Bissendorf,14431.0,52.233333,8.166667
Bitburg,13154.0,49.966667,6.533333
Bitterfeld,15486.0,51.616667,12.316667
Blankenburg,15887.0,51.783333,10.95
Blaubeuren,11900.0,48.4,9.783333
Blieskastel,22938.0,49.233333,7.25
Blomberg,17295.0,51.933333000000005,9.083333
Blumberg,10666.0,47.833333,8.533333
Bobenheim-Roxheim,10129.0,49.5875,8.357778
Bobingen,16595.0,48.266667,10.833333
Bocholt,73872.0,51.833333,6.6
Bochum,387061.0,51.483333,7.216667
Bockenem,11328.0,52.016667,10.133333
Bogen,10458.0,48.916667,12.683333
Bohmte,13432.0,52.366667,8.316667
Boizenburg,10634.0,53.38333299999999,10.716667
Bonn,314081.0,50.733333,7.1
Bopfingen,12669.0,48.85,10.35
Boppard,16606.0,50.233333,7.6
Borgentreich,9813.0,51.566666999999995,9.25
Borken,13656.0,51.05,9.283333
Borken,41179.0,51.85,6.866667
Borna,18504.0,51.116667,12.5
Bornheim,49126.0,50.766667,7.0
Bottrop,120829.0,51.516667,6.9166669999999995
Bovenden,13376.0,51.583333,9.933333
Brackenheim,15031.0,49.079722,9.065
Brake,16199.0,53.333332999999996,8.483333
Brakel,17782.0,51.716667,9.183333
Bramsche,28773.0,52.4,7.983333
Brandenburg,75507.0,52.416667,12.55
Brand-Erbisdorf,12098.0,50.866667,13.333332999999998
Braunfels,11398.0,50.516667,8.4
Breisach,14083.0,48.032790999999996,7.582936999999999
Bremen,546429.0,53.083332999999996,8.8
Bremerhaven,119688.0,53.55,8.583333
Bretten,28774.0,49.039167,8.702778
Bretzfeld,12223.0,49.179444000000004,9.438333
Brilon,27186.0,51.4,8.583333
Bruchsal,43615.0,49.128056,8.583611
Brunswick,245259.0,52.266667,10.533333
Buchen,19276.0,49.523889000000004,9.323056
Buchloe,11997.0,48.033333,10.733333
Burbach,14984.0,50.75,8.083333
Burg,28602.0,52.266667,11.85
Burgdorf,30288.0,52.45,10.016667
Burghausen,18376.0,48.166667,12.833333
Burgkirchen,10795.0,48.166667,12.733333
Burglengenfeld,12098.0,49.205556,12.041389
Burgthann,11615.0,49.35,11.3
Burladingen,13249.0,48.283333,9.116667
Burscheid,19579.0,51.1,7.116667
Butzbach,25804.0,50.433333000000005,8.683333
Buxtehude,38236.0,53.45,9.7
Cadolzburg,10188.0,49.45,10.866667
Calbe,11666.0,51.9,11.766667
Calw,24220.0,48.716667,8.733333
Castrop-Rauxel,78587.0,51.55,7.316667
Celle,71106.0,52.61666700000001,10.083333
Cham,17393.0,49.225556,12.663611
Chemnitz,246654.0,50.833333,12.916667
Clausthal-Zellerfeld,15082.0,51.8,10.333333
Cleves,49448.0,51.783333,6.15
Cloppenburg,31030.0,52.85,8.033333
Coburg,42413.0,50.25,10.966667
Coesfeld,36929.0,51.933333000000005,7.15
Cologne,968823.0,50.933333000000005,6.95
Coswig,21965.0,51.133333,13.583332999999998
Coswig,8729.0,51.883333,12.45
Cottbus,115246.0,51.766667,14.333332999999998
Crailsheim,32666.0,49.15,10.083333
Cremlingen,12811.0,52.25,10.65
Crimmitschau,22410.0,50.816666999999995,12.383333
Cuxhaven,52873.0,53.88333299999999,8.7
Dachau,39815.0,48.266667,11.433333
Damme,16236.0,52.516667000000005,8.2
Dannenberg,8612.0,53.1,11.1
Darmstadt,139757.0,49.870556,8.649444
Dassel,11319.0,51.8,9.683333
Datteln,37130.0,51.666667,7.383333
Deggendorf,31146.0,48.833333,12.966667
Delitzsch,25160.0,51.533333,12.35
Delmenhorst,75740.0,53.05,8.616667
Demmin,12263.0,53.9,13.033333
Denkendorf,10096.0,48.683333000000005,9.316667
Denzlingen,13388.0,48.066666999999995,7.883333
Dessau,76628.0,51.833333,12.25
Detmold,74853.0,51.933333000000005,8.883333
Dettingen,9282.0,48.533333,9.35
Dieburg,15452.0,49.898889000000004,8.844444000000001
Diedorf,10348.0,48.35,10.766667
Diepholz,16874.0,52.6,8.366667
Dietzenbach,32975.0,50.016667,8.783333
Diez,11065.0,50.366667,8.016667
Dillenburg,24772.0,50.733333,8.283333
Dillingen,19013.0,48.566666999999995,10.483333
Dillingen,21451.0,49.35,6.733333
Dingolfing,18733.0,48.633333,12.5
Dinklage,12802.0,52.65,8.116667
Dinslaken,71632.0,51.566666999999995,6.733333
Ditzingen,24255.0,48.833333,9.066667
Donaueschingen,21699.0,47.95,8.5
Donzdorf,11038.0,48.683333000000005,9.816667
Dorfen,13425.0,48.266667,12.15
Dormagen,64129.0,51.1,6.8333330000000005
Dornstadt,8374.0,48.466667,9.95
Dorsten,80180.0,51.666667,6.966667
Dortmund,594255.0,51.516667,7.45
Dossenheim,11794.0,49.450278000000004,8.674722000000001
Dreieich,41054.0,50.0,8.7
Drensteinfurt,15234.0,51.8,7.75
Dresden,480801.0,51.05,13.75
Drochtersen,12404.0,53.7,9.383333
Drolshagen,12438.0,51.016667,7.766667
Duderstadt,22842.0,51.516667,10.266667
Duisburg,505271.0,51.433333000000005,6.75
Durmersheim,11742.0,48.933333000000005,8.266667
Eberbach,15526.0,49.469444,8.992778
Ebersbach,16143.0,48.716667,9.533333
Ebersbach,9056.0,51.016667,14.583332999999998
Ebersberg,11082.0,48.083333,11.966667
Eberswalde,41384.0,52.833332999999996,13.833332999999998
Eching,13247.0,48.3,11.616667
Edemissen,12838.0,52.383333,10.266667
Edewecht,20519.0,53.13333299999999,7.983333
Edingen-Neckarhausen,13935.0,49.457221999999994,8.606389
Egelsbach,9703.0,49.971111,8.670278
Eggenfelden,12988.0,48.4,12.766667
Eggenstein-Leopoldshafen,15222.0,49.095278,8.390556
Ehingen,26154.0,48.283333,9.733333
Eichenau,11614.0,48.166667,11.316667
Eichenzell,10708.0,50.483333,9.7
Eilenburg,17120.0,51.466667,12.616667
Einbeck,28179.0,51.816666999999995,9.866667
Eisenach,44399.0,50.983333,10.316667
Eisenberg,9970.0,49.565833000000005,8.07
Eisenberg,11616.0,50.966667,11.9
Eislingen,20343.0,48.7,9.7
Eitorf,19867.0,50.766667,7.45
Ellwangen,25396.0,48.966667,10.133333
Elmshorn,48744.0,53.75,9.65
Elsdorf,21901.0,50.933333000000005,6.566667
Elsfleth,9286.0,53.233332999999995,8.466667
Elsterwerda,9714.0,51.45,13.533332999999999
Eltville,16858.0,50.033333,8.116667
Elze,9686.0,52.116667,9.733333
Emden,51639.0,53.36666700000001,7.216667
Emmendingen,26820.0,48.133333,7.85
Emmerich,29753.0,51.833333,6.25
Emsdetten,35383.0,52.183333000000005,7.533333
Engelskirchen,20883.0,50.983333,7.4
Engen,10195.0,47.85,8.766667
Enger,20417.0,52.133333,8.566667
Eningen,10715.0,48.483333,9.25
Ennepetal,32426.0,51.3,7.35
Ennigerloh,20678.0,51.833333,8.016667
Eppelborn,18400.0,49.4,6.966667
Eppelheim,14647.0,49.4025,8.633056
Eppingen,21457.0,49.136944,8.910278
Eppstein,13512.0,50.133333,8.4
Erbach,13238.0,48.333333,9.883333
Erbach,13501.0,49.656110999999996,8.996389
Erding,32377.0,48.3,11.933333
Erftstadt,51606.0,50.816666999999995,6.766667
Erfurt,196719.0,50.983333,11.033333
Ergolding,11513.0,48.583333,12.166667
Erkelenz,44479.0,51.083333,6.316667
Erkner,11866.0,52.416667,13.75
Erkrath,47908.0,51.216667,6.9
Erlangen,102781.0,49.589721999999995,11.003889
Erlenbach,10095.0,49.803889,9.163889
Erlensee,12407.0,50.15,8.95
Erwitte,16097.0,51.616667,8.35
Eschborn,20438.0,50.133333,8.55
Eschwege,21546.0,51.183333000000005,10.066667
Eschweiler,55888.0,50.816666999999995,6.283333
Espelkamp,26684.0,52.383333,8.616667
Essenbach,11013.0,48.616667,12.216667
Essen,576914.0,51.45,7.016667
Esslingen,92710.0,48.75,9.3
Ettenheim,11956.0,48.25,7.816667
Ettlingen,39635.0,48.95,8.4
Euskirchen,54855.0,50.666667,6.783333
Eutin,17258.0,54.13333299999999,10.616667
Falkensee,37916.0,52.566667,13.083333
Falkenstein,9859.0,50.483333,12.366667
Fallingbostel,13639.0,52.86666700000001,9.7
Feldkirchen-Westerham,10177.0,47.9,11.85
Fellbach,44142.0,48.8,9.283333
Felsberg,11244.0,51.133333,9.416667
Feucht,13585.0,49.376667,11.213889
Feuchtwangen,12207.0,49.166667,10.333333
Filderstadt,43580.0,48.666667,9.216667
Finnentrop,18466.0,51.166667,7.966667
Finsterwalde,18733.0,51.633333,13.716667000000001
Flensburg,85158.0,54.783333,9.433333
Forchheim,30838.0,49.723056,11.066944
Forst,22521.0,51.733333,14.633332999999999
Frankenberg,19366.0,51.066666999999995,8.8
Frankenberg,16819.0,50.916667,13.033333
Frankenthal,47523.0,49.537222,8.355
Frankfurt,648034.0,50.116667,8.683333
Frankfurt,64399.0,52.35,14.55
Frechen,48198.0,50.916667,6.816667
Freiberg,15517.0,48.933333000000005,9.2
Freiberg,43160.0,50.916667,13.366667000000001
Freiburg,213920.0,48.0,7.85
Freilassing,16033.0,47.85,12.983333
Freising,42322.0,48.4,11.733333
Freital,38815.0,51.016667,13.65
Freudenberg,18440.0,50.9,7.866667
Freudenstadt,24384.0,48.433333000000005,8.416667
Frickenhausen,8917.0,48.6,9.366667
Friedberg,29581.0,48.35,10.983333
Friedberg,28164.0,50.35,8.766667
Friedeburg,10822.0,53.45,7.8333330000000005
Friedland,10472.0,51.416667,9.933333
Friedrichsdorf,24897.0,50.266667,8.65
Friedrichshafen,58005.0,47.65,9.483333
Friedrichsthal,11425.0,49.316666999999995,7.1
Friesenheim,12616.0,49.498333,8.422778
Friesoythe,20178.0,53.016667000000005,7.85
Fritzlar,14798.0,51.133333,9.283333
Fulda,63851.0,50.55,9.666667
Fuldatal,12102.0,51.383333,9.566667
Furth im Wald,9400.0,49.309722,12.84
Furtwangen,9763.0,48.05,8.2
Gaggenau,29800.0,48.8,8.333333
Gaildorf,12683.0,49.003889,9.771111
Gaimersheim,10998.0,48.816666999999995,11.366667
Ganderkesee,31262.0,53.033333,8.533333
Gangelt,11647.0,50.983333,6.0
Garbsen,63354.0,52.416667,9.6
Garching,15380.0,48.25,11.65
Gardelegen,11771.0,52.533333,11.366667
Garmisch-Partenkirchen,26346.0,47.5,11.1
Garrel,12515.0,52.95,8.016667
Gauting,19381.0,48.066666999999995,11.366667
Geeste,11456.0,52.6,7.266667
Geesthacht,29853.0,53.433333,10.366667
Gehrden,15139.0,52.316666999999995,9.6
Geilenkirchen,28587.0,50.966667,6.116667
Geisenheim,11959.0,49.983333,7.966667
Geldern,34291.0,51.516667,6.3333330000000005
Gelnhausen,21417.0,50.2,9.183333
Gelsenkirchen,271647.0,51.516667,7.05
Gengenbach,11035.0,48.4,8.016667
Genthin,14573.0,52.4,12.166667
Gera,104463.0,50.866667,12.083333
Geretsried,23377.0,47.866667,11.466667
Gerlingen,18977.0,48.8,9.066667
Germering,36905.0,48.133333,11.366667
Germersheim,20706.0,49.223056,8.363889
Gernsbach,14548.0,48.766667,8.333333
Gernsheim,9435.0,49.76,8.495833
Gerstetten,12407.0,48.633333,10.033333
Gersthofen,20322.0,48.416667,10.883333
Gescher,16937.0,51.95,7.016667
Geseke,20790.0,51.65,8.516667
Gevelsberg,32978.0,51.316666999999995,7.3333330000000005
Giengen,20211.0,48.616667,10.25
Gifhorn,42699.0,52.483332999999995,10.55
Gilching,17204.0,48.116667,11.3
Ginsheim-Gustavsburg,16283.0,49.985833,8.3425
Gladbeck,77264.0,51.566666999999995,6.983333
Gladenbach,12613.0,50.766667,8.566667
Glauchau,26260.0,50.816666999999995,12.533333
Glinde,16106.0,53.55,10.2
Goch,34045.0,51.666667,6.1666669999999995
Goldbach,10038.0,49.988889,9.186389
Goslar,43461.0,51.9,10.433333
Gotha,47214.0,50.95,10.716667
Gottmadingen,10242.0,47.733333,8.783333
Graben-Neudorf,11683.0,49.170278,8.487778
Grafenau,9180.0,48.85,13.4
Grafing,12469.0,48.05,11.966667
Grefrath,16167.0,51.3,6.316667
Greifswald,51935.0,54.1,13.383332999999999
Greiz,23931.0,50.65,12.2
Grenzach-Wyhlen,13994.0,47.552572999999995,7.6605669999999995
Grevenbroich,64851.0,51.083333,6.5833330000000005
Greven,35732.0,52.1,7.616667
Griesheim,25432.0,49.862778000000006,8.575277999999999
Grimma,17780.0,51.233333,12.716667
Grimmen,10764.0,54.1,13.05
Gronau,46061.0,52.2,7.033333
Guben,21602.0,51.95,14.716667000000001
Gummersbach,53244.0,51.033333,7.55
Gundelfingen,11475.0,48.05,7.866667
Gunzenhausen,16666.0,49.1,10.75
Haan,29369.0,51.2,7.0
Haar,17810.0,48.1,11.733333
Hagen,14349.0,52.2,7.983333
Hagen,199497.0,51.35,7.466667
Hagenow,12253.0,53.433333,11.183333
Haiger,20134.0,50.75,8.216667
Haigerloch,11066.0,48.366667,8.8
Hainichen,9628.0,50.966667,13.116667000000001
Halberstadt,39391.0,51.9,11.05
Haldensleben,20131.0,52.3,11.416667
Halle,20921.0,52.066666999999995,8.366667
Halle,232452.0,51.5,12.0
Halstenbek,16074.0,53.63333299999999,9.85
Haltern,38212.0,51.733333,7.183333
Halver,17660.0,51.2,7.483333
Hamburg,1733846.0,53.55,10.0
Hameln,59349.0,52.1,9.35
Hammelburg,11798.0,50.116667,9.9
Hamm,186289.0,51.683333000000005,7.8
Hamminkeln,27755.0,51.733333,6.5833330000000005
Hanau,89938.0,50.133333,8.916667
Hanover,519144.0,52.366667,9.716667
Haren,23038.0,52.783333,7.233333
Harrislee,11600.0,54.8,9.383333
Harsewinkel,23910.0,51.966667,8.233333
Harsum,12401.0,52.216667,9.966667
Hasbergen,10863.0,52.233333,7.933333
Hatten,13342.0,53.016667000000005,8.35
Hattersheim,25544.0,50.066666999999995,8.466667
Hattingen,58076.0,51.4,7.1666669999999995
Hauzenberg,12471.0,48.65,13.633332999999999
Havixbeck,12249.0,51.983333,7.4166669999999995
Hechingen,19671.0,48.35,8.983333
Heddesheim,11673.0,49.505556,8.603611
Heide,20309.0,54.2,9.1
Heidelberg,144703.0,49.416667,8.7
Heidenau,16719.0,50.983333,13.866667000000001
Heidenheim,50684.0,48.683333000000005,10.15
Heilbad Heiligenstadt,17056.0,51.383333,10.133333
Heilbronn,121822.0,49.140278,9.22
Heiligenhafen,9328.0,54.36666700000001,10.983333
Heiligenhaus,28312.0,51.316666999999995,6.966667
Heinsberg,42409.0,51.066666999999995,6.0833330000000005
Helmbrechts,9539.0,50.233333,11.7
Helmstedt,25686.0,52.233333,11.0
Hemer,39288.0,51.383333,7.766667
Hemmingen,18956.0,52.316666999999995,9.75
Hemsbach,12442.0,49.591667,8.646389
Hennef,45829.0,50.783333,7.283333
Hennigsdorf,26498.0,52.63333299999999,13.2
Henstedt-Ulzburg,26062.0,53.783333,10.0
Heppenheim,25580.0,49.640833,8.637222
Herborn,21404.0,50.683333000000005,8.316667
Herbrechtingen,13244.0,48.616667,10.183333
Herdecke,25954.0,51.4,7.433333
Herford,65834.0,52.133333,8.683333
Hermsdorf,8728.0,50.9,11.866667
Herne,173121.0,51.55,7.216667
Herrenberg,31401.0,48.6,8.866667
Hersbruck,12506.0,49.5125,11.433889
Herten,65367.0,51.6,7.133333
Herxheim,10443.0,49.509167,8.179167
Herzberg,14832.0,51.65,10.333333
Herzberg,12188.0,51.683333000000005,13.233332999999998
Herzogenaurach,23229.0,49.55,10.883333
Herzogenrath,47425.0,50.866667,6.1
Hessisch Lichtenau,13394.0,51.2,9.716667
Hessisch Oldendorf,19871.0,52.166667,9.25
Hettstedt,15876.0,51.65,11.5
Heubach,10164.0,48.783333,9.933333
Heusenstamm,19257.0,50.066666999999995,8.8
Heusweiler,20094.0,49.35,6.933333
Hiddenhausen,20742.0,52.166667,8.616667
Hilchenbach,16784.0,50.983333,8.1
Hildburghausen,12422.0,50.416667,10.75
Hilden,57036.0,51.166667,6.933333
Hildesheim,102958.0,52.15,9.966667
Hille,16620.0,52.333333,8.75
Hilpoltstein,12968.0,49.19,11.188611
Hilter,10312.0,52.15,8.15
Hirschaid,11514.0,49.819444,10.990833
Hochheim,17203.0,50.016667,8.35
Hockenheim,20814.0,49.322778,8.545833
Hofgeismar,16199.0,51.483333,9.4
Hofheim,38482.0,50.083333,8.45
Hof,49353.0,50.316666999999995,11.916667
Hohen Neuendorf,22687.0,52.666667000000004,13.283332999999999
Hohenstein-Ernstthal,16416.0,50.8,12.716667
Holzgerlingen,11567.0,48.633333,9.016667
Holzkirchen,15459.0,47.883333,11.7
Holzminden,21028.0,51.816666999999995,9.45
Holzwickede,17867.0,51.5,7.633333
Homberg,14893.0,51.033333,9.4
Homburg,45010.0,49.316666999999995,7.3333330000000005
Horb,26287.0,48.433333000000005,8.683333
Hoyerswerda,43267.0,51.433333000000005,14.25
Hude,15858.0,53.11666700000001,8.466667
Hungen,12844.0,50.466667,8.9
Husum,20753.0,54.466667,9.05
Idar-Oberstein,32876.0,49.7,7.3
Idstein,23432.0,50.233333,8.266667
Ihlow,12757.0,51.883333,13.333332999999998
Illertissen,16623.0,48.216667,10.1
Illingen,18312.0,49.366667,7.05
Ilmenau,27471.0,50.683333000000005,10.9
Ilsede,12326.0,52.266667,10.2
Immenstadt,14282.0,47.566666999999995,10.216667
Ingelheim,25296.0,49.980556,8.073611
Ingolstadt,120598.0,48.766667,11.433333
Iserlohn,98190.0,51.366667,7.7
Ismaning,14722.0,48.233333,11.633333
Isny,14461.0,47.7,10.033333
Isselburg,11274.0,51.833333,6.466667
Issum,12257.0,51.533333,6.433333
Itzehoe,33415.0,53.916667000000004,9.516667
Jena,99269.0,50.933333000000005,11.583333
Jever,14079.0,53.583332999999996,7.9
Jork,11878.0,53.533333,9.683333
Kaarst,42876.0,51.233333,6.616667
Kaiserslautern,98947.0,49.45,7.75
Kalkar,14405.0,51.733333,6.3
Kall,12074.0,50.55,6.55
Kaltenkirchen,19161.0,53.833332999999996,9.966667
Kamen,46076.0,51.6,7.6666669999999995
Kamenz,18122.0,51.266667,14.1
Kamp-Lintfort,39949.0,51.5,6.533333
Kappeln,9801.0,54.666667000000004,9.933333
Karben,21718.0,50.233333,8.75
Karlsfeld,17958.0,48.216667,11.466667
Karlsruhe,284786.0,49.004721999999994,8.385833
Karlstadt,15247.0,49.960278,9.772222
Kassel,193117.0,51.316666999999995,9.5
Kaufbeuren,43454.0,47.883333,10.616667
Kaufungen,12804.0,51.281110999999996,9.618611
Kehl,34493.0,48.583333,7.816667
Kelheim,16227.0,48.916667,11.866667
Kelkheim,26823.0,50.133333,8.45
Kelsterbach,14146.0,50.066666999999995,8.533333
Kempen,36506.0,51.366667,6.4166669999999995
Kempten,61800.0,47.716667,10.316667
Kerpen,64729.0,50.866667,6.7
Ketsch,12960.0,49.367778,8.531111
Kevelaer,28148.0,51.583333,6.25
Kiel,235264.0,54.333332999999996,10.133333
Kierspe,18281.0,51.133333,7.5833330000000005
Kirchen,9354.0,50.8,7.883333
Kirchhain,16432.0,50.816666999999995,8.966667
Kirchheim,40144.0,48.65,9.45
Kirchheim,11982.0,48.183333000000005,11.75
Kirchhundem,13059.0,51.1,8.1
Kirchlengern,16557.0,52.2,8.633333
Kirchlinteln,10644.0,52.95,9.316667
Kirchzarten,9575.0,47.966667,7.95
Kirkel,10509.0,49.283333,7.233333
Kirn,8879.0,49.783333,7.45
Kissing,11072.0,48.3,10.983333
Kitzingen,21705.0,49.733333,10.166667
Kleinblittersdorf,12940.0,49.15,7.033333
Kleinmachnow,18306.0,52.4,13.25
Klingenthal,8984.0,50.366667,12.466667
Koblenz,108146.0,50.35,7.6
Kolbermoor,18488.0,47.85,12.066667
Kolkwitz,10336.0,51.75,14.25
Konstanz,81951.0,47.666667,9.183333
Korbach,24657.0,51.283333,8.866667
Korb,10305.0,48.85,9.366667
Kornwestheim,30756.0,48.866667,9.183333
Korschenbroich,33588.0,51.183333000000005,6.516667
Krefeld,239908.0,51.333333,6.566667
Kreuzau,18670.0,50.75,6.483333
Kreuztal,31720.0,50.966667,7.983333
Kriftel,10590.0,50.083333,8.483333
Kronach,18349.0,50.233333,11.316667
Kronberg,17649.0,50.183333000000005,8.5
Kronshagen,11826.0,54.333332999999996,10.083333
Krumbach,12518.0,48.25,10.366667
Kulmbach,27346.0,50.1,11.45
Kyritz,11321.0,52.95,12.4
Laatzen,40245.0,52.316666999999995,9.8
Ladenburg,11621.0,49.475,8.606944
Lage,36709.0,51.983333,8.8
Lahnstein,18572.0,50.3,7.616667
Lahr,43676.0,48.35,7.866667
Lahstedt,10882.0,52.25,10.216667
Laichingen,11063.0,48.5,9.683333
Lampertheim,31873.0,49.601944,8.471944
Landau,13026.0,48.683333000000005,12.683333
Landau,42031.0,49.2075,8.113333
Landsberg,26624.0,48.05,10.866667
Landshut,61131.0,48.533333,12.15
Langelsheim,13234.0,51.933333000000005,10.333333
Langenau,14411.0,48.5,10.1
Langenfeld,58803.0,51.1,6.95
Langenhagen,49958.0,52.45,9.75
Langen,35755.0,49.993333,8.672778
Langen,18685.0,53.61666700000001,8.6
Langenselbold,12652.0,50.183333000000005,9.033333
Langenzenn,10767.0,49.5,10.8
Langerwehe,14222.0,50.816666999999995,6.35
Langwedel,15200.0,52.966667,9.216667
Lappersdorf,12817.0,49.056944,12.09
Laubach,10262.0,50.55,8.983333
Lauchhammer,18948.0,51.5,13.8
Lauenburg,11796.0,53.36666700000001,10.566667
Lauffen,11191.0,49.074444,9.146944
Lauf,26181.0,49.510278,11.2775
Lauingen,10991.0,48.566666999999995,10.433333
Laupheim,19111.0,48.233333,9.883333
Lauterbach,14665.0,50.633333,9.4
Lebach,21665.0,49.4,6.9166669999999995
Leer,34081.0,53.233332999999995,7.433333
Lehre,11664.0,52.333333,10.666667
Lehrte,44495.0,52.383333,9.966667
Leichlingen,27532.0,51.116667,7.016667
Leimen,27323.0,49.351110999999996,8.689444
Leinefelde,13794.0,51.383333,10.333333
Leinfelden-Echterdingen,37210.0,48.7,9.15
Leipzig,492637.0,51.3,12.333333
Lemgo,42036.0,52.033333,8.9
Lengede,13196.0,52.2,10.3
Lengerich,22642.0,52.183333000000005,7.866667
Lenggries,9409.0,47.683333000000005,11.566667
Lennestadt,28142.0,51.116667,8.066667
Leonberg,46276.0,48.8,9.016667
Leuna,7100.0,51.316666999999995,12.016667
Leutenbach,10718.0,48.883333,9.4
Leutkirch,22645.0,47.825,10.016667
Leverkusen,159088.0,51.016667,6.983333
Lich,13410.0,50.516667,8.833333
Lichtenau,11350.0,51.616667,8.9
Lichtenfels,21586.0,50.15,11.066667
Lichtenstein,13583.0,50.75,12.65
Liebenburg,9649.0,52.016667,10.45
Lilienthal,17851.0,53.13333299999999,8.916667
Limbach-Oberfrohna,26721.0,50.866667,12.75
Limburgerhof,10750.0,49.424444,8.391944
Limburg,33955.0,50.383333,8.05
Lindau,24161.0,47.55,9.683333
Lindenberg,11614.0,47.6,9.9
Lindlar,22752.0,51.016667,7.383333
Lingen,51577.0,52.516667000000005,7.316667
Linkenheim-Hochstetten,11783.0,49.137221999999994,8.403333
Linnich,13983.0,50.983333,6.266667
Lippstadt,67638.0,51.666667,8.35
Lohfelden,13910.0,51.266667,9.533333
Lohmar,31802.0,50.833333,7.216667
Lohne,25332.0,52.666667000000004,8.233333
Lohr,16297.0,49.993611,9.578333
Lollar,10206.0,50.65,8.7
Lorch,11503.0,48.8,9.683333
Lorsch,12829.0,49.654722,8.568611
Losheim,16418.0,49.516667,6.75
Lotte,13564.0,52.283333,7.9166669999999995
Loxstedt,16783.0,53.466667,8.65
Luckenwalde,21217.0,52.083333,13.166667000000002
Ludwigsburg,87855.0,48.9,9.183333
Ludwigsfelde,24823.0,52.3,13.266667000000002
Ludwigshafen,162514.0,49.481111,8.435278
Ludwigslust,12209.0,53.316667,11.5
Lugau,7779.0,50.733333,12.75
Magdeburg,224428.0,52.166667,11.666667
Mainburg,13944.0,48.65,11.783333
Maintal,38656.0,50.15,8.833333
Mainz,187940.0,50.0,8.271111
Maisach,12623.0,48.216667,11.266667
Malchin,8413.0,53.733332999999995,12.783333
Malente,10731.0,54.183333,10.566667
Malsch,14364.0,48.883333,8.333333
Manching,11297.0,48.716667,11.5
Mannheim,309626.0,49.488333000000004,8.464722
Marbach,15353.0,48.933333000000005,9.25
Marburg,79300.0,50.816666999999995,8.766667
Marienberg,15600.0,50.65,13.166667000000002
Marienheide,13645.0,51.083333,7.533333
Markdorf,12701.0,47.716667,9.4
Markkleeberg,23220.0,51.283333,12.4
Marktheidenfeld,11023.0,49.844167,9.603889
Marktoberdorf,18701.0,47.783333,10.616667
Marktredwitz,18359.0,50.005,12.081111
Markt Schwaben,11251.0,48.2,11.883333
Marl,91262.0,51.65,7.0833330000000005
Marpingen,11439.0,49.45,7.05
Marsberg,22361.0,51.45,8.85
Mayen,19372.0,50.333333,7.216667
Mechernich,27551.0,50.6,6.65
Meckenbeuren,13121.0,47.7,9.566667
Meckenheim,25491.0,50.633333,7.016667
Meerane,17646.0,50.85,12.466667
Meerbusch,55053.0,51.283333,6.6666669999999995
Meinerzhagen,21907.0,51.116667,7.65
Meiningen,21570.0,50.55,10.416667
Meitingen,11245.0,48.55,10.85
Melle,46745.0,52.2,8.35
Melsungen,14122.0,51.133333,9.55
Memmingen,41210.0,47.983333,10.166667
Menden,58939.0,51.433333000000005,7.8
Mengen,10155.0,48.05,9.333333
Meppen,34205.0,52.683333,7.316667
Merchweiler,10795.0,49.35,7.05
Mering,12437.0,48.266667,10.983333
Merseburg,34440.0,51.366667,12.0
Merzig,31141.0,49.45,6.633333
Meschede,32593.0,51.35,8.283333
Mettingen,12869.0,52.316666999999995,7.783333
Mettlach,12705.0,49.5,6.6
Mettmann,39371.0,51.25,6.966667
Metzingen,22034.0,48.533333,9.266667
Meuselwitz,9953.0,51.05,12.3
Michelstadt,17363.0,49.673611,9.0025
Miesbach,11394.0,47.783333,11.833333
Miltenberg,9706.0,49.703889000000004,9.264444000000001
Mindelheim,14221.0,48.05,10.483333
Minden,83402.0,52.283333,8.916667
Mittweida,16494.0,50.983333,12.983333
Moers,109167.0,51.45,6.65
Monheim,43905.0,51.083333,6.883333
Monschau,13167.0,50.55,6.25
Montabaur,12518.0,50.433333000000005,7.8333330000000005
Moosburg,17394.0,48.466667,11.933333
Morbach,11184.0,49.816666999999995,7.116667
Morsbach,11743.0,50.866667,7.75
Mosbach,25474.0,49.353889,9.142778
Much,15327.0,50.916667,7.4
Munich,1246133.0,48.15,11.5833
Munster,18090.0,52.983332999999995,10.083333
Murnau,12223.0,47.683333000000005,11.2
Murrhardt,14381.0,48.966667,9.566667
Mutterstadt,12565.0,49.441389,8.356111
Nagold,23486.0,48.55,8.716667
Naila,8349.0,50.316666999999995,11.7
Nalbach,9616.0,49.383333,6.783333
Nauen,19203.0,52.6,12.883333
Naumburg,30040.0,51.15,11.816667
Neckarsulm,27530.0,49.192778000000004,9.226111
Netphen,25187.0,50.916667,8.1
Nettetal,42959.0,51.316666999999995,6.283333
Neu-Anspach,15609.0,50.316666999999995,8.5
Neubiberg,13057.0,48.083333,11.683333
Neubrandenburg,67393.0,53.566667,13.266667000000002
Neuenburg,11538.0,47.813418,7.563494
Neuenhagen,16111.0,52.533333,13.683333
Neuenkirchen,14068.0,52.25,7.366667
Neuenrade,12505.0,51.283333,7.783333
Neufahrn,18487.0,48.316666999999995,11.666667
Neuhausen,11566.0,48.683333000000005,9.283333
Neuhof,11437.0,50.433333000000005,9.616667
Neunkirchen,14295.0,50.8,8.0
Neunkirchen,50432.0,49.35,7.183333
Neuruppin,32173.0,52.933333,12.8
Neuss,152975.0,51.2,6.683333
Neustadt,12470.0,49.583333,10.6
Neustadt,45661.0,52.5,9.466667
Neustadt,16680.0,54.1,10.816667
Neustadt,10649.0,51.033333,14.216667000000001
Neustadt,9142.0,50.733333,11.75
Neustrelitz,22312.0,53.36666700000001,13.083333
Neutraubling,12645.0,48.983333,12.2
Neu-Ulm,51654.0,48.4,10.016667
Neuwied,66901.0,50.433333000000005,7.466667
Neu Wulmstorf,20988.0,53.466667,9.8
Nidda,18335.0,50.416667,9.0
Nidderau,20274.0,50.25,8.9
Nideggen,11075.0,50.7,6.483333
Niederkassel,36426.0,50.816666999999995,7.033333
Niedernhausen,14703.0,50.15,8.316667
Niederzier,14648.0,50.883333,6.466667
Nienburg,32512.0,52.63333299999999,9.216667
Niesky,11260.0,51.3,14.816667
Nohfelden,10666.0,49.583333,7.15
Nordenham,27783.0,53.5,8.483333
Norden,24686.0,53.6,7.2
Norderstedt,72011.0,53.7,10.016667
Nordhausen,43709.0,51.516667,10.8
Nordhorn,52906.0,52.433333,7.0833330000000005
Nordstemmen,13436.0,52.166667,9.783333
Northeim,30751.0,51.7,10.0
Nottuln,20256.0,51.933333000000005,7.35
Nuremberg,497593.0,49.447778,11.068333
Oberasbach,17343.0,49.433333000000005,10.95
Oberhaching,12416.0,48.033333,11.6
Oberhausen,220916.0,51.466667,6.85
Oberhausen-Rheinhausen,9580.0,49.273889000000004,8.471667
Oberkirch,20264.0,48.533333,8.083333
Oberndorf,14890.0,48.283333,8.566667
Obernkirchen,10155.0,52.266667,9.133333
Ober-Ramstadt,15695.0,49.833611,8.751944
Oberstdorf,9895.0,47.4,10.283333
Obertshausen,24280.0,50.083333,8.85
Oberursel,42880.0,50.2,8.583333
Ochsenfurt,11531.0,49.65,10.083333
Ochtrup,19543.0,52.216667,7.183333
Odenthal,15537.0,51.033333,7.116667
Oelde,29608.0,51.816666999999995,8.15
Oer-Erkenschwick,30474.0,51.633333,7.25
Oerlinghausen,17555.0,51.966667,8.666667
Offenbach,120641.0,50.1,8.766667
Offenburg,59109.0,48.483333,7.933333
Oftersheim,10228.0,49.365278,8.583056
Olbernhau,11206.0,50.666667,13.333332999999998
Olching,24526.0,48.2,11.333333
Oldenburg,160347.0,53.166667000000004,8.2
Olfen,12450.0,51.7,7.4
Olpe,25939.0,51.033333,7.85
Olsberg,15923.0,51.35,8.5
Oranienburg,43275.0,52.75,13.233332999999998
Oschatz,16348.0,51.3,13.116667000000001
Oschersleben,19929.0,52.033333,11.25
Osterburg,7255.0,52.783333,11.766667
Ostercappeln,9677.0,52.35,8.233333
Osterhofen,12010.0,48.7,13.016667
Osterholz-Scharmbeck,31469.0,53.233332999999995,8.8
Ostfildern,34162.0,48.716667,9.266667
Ottersberg,12392.0,53.1,9.15
Ottobrunn,19254.0,48.066666999999995,11.683333
Ottweiler,15692.0,49.383333,7.1666669999999995
Overath,27073.0,50.95,7.3
Oyten,15694.0,53.05,9.016667
Paderborn,143096.0,51.716667,8.766667
Papenburg,34715.0,53.066667,7.4
Parchim,19146.0,53.433333,11.85
Pasewalk,12059.0,53.516667000000005,13.983332999999998
Passau,51091.0,48.583333,13.483332999999998
Pattensen,13496.0,52.266667,9.766667
Pegnitz,14337.0,49.756389,11.545
Peine,49776.0,52.316666999999995,10.233333
Peiting,12048.0,47.8,10.933333
Penzberg,16243.0,47.75,11.383333
Perleberg,13394.0,53.066667,11.866667
Petersberg,14350.0,50.566666999999995,9.716667
Petershagen,27148.0,52.383333,8.966667
Pfarrkirchen,12029.0,48.433333000000005,12.933333
Pforzheim,120366.0,48.883333,8.7
Pfullendorf,13278.0,47.916667,9.25
Pfullingen,18426.0,48.45,9.233333
Pfungstadt,25151.0,49.806389,8.606944
Philippsburg,12403.0,49.235833,8.456389
Pinneberg,40679.0,53.65,9.8
Pirmasens,43539.0,49.2,7.6
Pirna,39701.0,50.966667,13.933333
Planegg,10669.0,48.1,11.416667
Plankstadt,9300.0,49.394444,8.596111
Plattling,12590.0,48.783333,12.866667
Plauen,69378.0,50.5,12.133333
Plettenberg,28247.0,51.216667,7.883333
Plochingen,14627.0,48.716667,9.416667
Pocking,14816.0,48.4,13.316667
Poing,11498.0,48.166667,11.816667
Porta Westfalica,36419.0,52.216667,8.933333
Potsdam,145291.0,52.4,13.066667
Preetz,15540.0,54.233332999999995,10.283333
Premnitz,11176.0,52.533333,12.333333
Prenzlau,20922.0,53.316667,13.866667000000001
Prien,10264.0,47.866667,12.333333
Pritzwalk,15286.0,53.15,12.183333
Puchheim,19278.0,48.15,11.35
Pulheim,54209.0,51.0,6.8
Quedlinburg,23057.0,51.783333,11.15
Querfurt,9436.0,51.383333,11.6
Quickborn,20281.0,53.733332999999995,9.9
Quierschied,14626.0,49.316666999999995,7.05
Radeberg,18529.0,51.116667,13.916667000000002
Radebeul,32698.0,51.1,13.65
Radevormwald,24298.0,51.2,7.35
Radolfzell,30385.0,47.733333,8.966667
Raesfeld,11430.0,51.766667,6.85
Rahden,16218.0,52.433333,8.616667
Rastatt,48452.0,48.85,8.2
Rastede,20358.0,53.25,8.2
Ratekau,16031.0,53.95,10.733333
Rathenow,27058.0,52.6,12.333333
Ratingen,92306.0,51.3,6.85
Ratisbon,129643.0,49.015,12.095556
Ratzeburg,13719.0,53.7,10.766667
Raubling,11403.0,47.783333,12.1
Raunheim,13993.0,50.016667,8.45
Ravensburg,48441.0,47.783333,9.616667
Recke,11867.0,52.383333,7.716667
Recklinghausen,122727.0,51.616667,7.2
Rees,22654.0,51.766667,6.4
Regen,12591.0,48.966667,13.133332999999999
Regenstauf,15078.0,49.121666999999995,12.129167
Rehau,10279.0,50.25,12.033333
Rehburg-Loccum,11180.0,52.466667,9.2
Rehlingen-Siersburg,16121.0,49.366667,6.683333
Reichenbach,22569.0,50.616667,12.3
Reinbek,25357.0,53.516667000000005,10.25
Reinheim,17839.0,49.826944,8.836111
Reiskirchen,10771.0,50.6,8.833333
Rellingen,13856.0,53.65,9.816667
Remagen,16360.0,50.566666999999995,7.233333
Remscheid,118230.0,51.183333000000005,7.2
Rendsburg,28814.0,54.3,9.666667
Renningen,17725.0,48.766667,8.933333
Reutlingen,113625.0,48.483333,9.216667
Rhede,18774.0,51.833333,6.7
Rheinau,10885.0,48.866667,8.2
Rheinbach,26195.0,50.633333,6.95
Rheinberg,32178.0,51.55,6.6
Rheine,76474.0,52.283333,7.45
Rheinfelden,32538.0,47.566666999999995,7.8
Ribnitz-Damgarten,17176.0,54.25,12.466667
Riedlingen,10466.0,48.15,9.466667
Riegelsberg,15476.0,49.3,6.933333
Rielasingen-Worblingen,12006.0,47.733333,8.833333
Riesa,36788.0,51.3,13.3
Rietberg,28683.0,51.783333,8.433333
Rinteln,28048.0,52.183333000000005,9.083333
Ritterhude,14143.0,53.183333,8.75
Rodenbach,11455.0,50.15,9.033333
Rodgau,43760.0,50.016667,8.833333
Roding,11428.0,49.196389,12.518611
Rommerskirchen,12554.0,51.033333,6.683333
Ronnenberg,23604.0,52.316666999999995,9.65
Rosbach,11674.0,50.8,7.616667
Rosdorf,11844.0,51.5,9.9
Rosendahl,11132.0,51.766667,7.95
Rosenheim,60768.0,47.85,12.133333
Rostock,196833.0,54.083332999999996,12.133333
Rotenburg,14346.0,50.983333,9.716667
Rotenburg,22108.0,53.11666700000001,9.4
Roth,24959.0,49.245,11.091111
Rottenburg,43117.0,48.466667,8.933333
Rottweil,25783.0,48.166667,8.616667
Rudersberg,11651.0,48.883333,9.533333
Rudolstadt,25773.0,50.716667,11.333333
Runkel,9794.0,50.4,8.166667
Rutesheim,10175.0,48.8,8.95
Saalfeld,28152.0,50.65,11.366667
Saarlouis,37663.0,49.316666999999995,6.75
Saarwellingen,13882.0,49.35,6.816667
Salzgitter,111622.0,52.083333,10.333333
Salzhemmendorf,10709.0,52.066666999999995,9.616667
Salzkotten,24369.0,51.666667,8.6
Salzwedel,24144.0,52.85,11.15
Sandhausen,14329.0,49.342778,8.659167
Sangerhausen,23301.0,51.466667,11.3
Sankt Augustin,56258.0,50.766667,7.183333
Sankt Georgen,13825.0,48.133333,8.333333
Sankt Ingbert,38654.0,49.283333,7.116667
Sankt Leon-Rot,12143.0,49.266389000000004,8.616667
Sankt Wendel,27162.0,49.466667,7.1666669999999995
Sarstedt,18555.0,52.233333,9.85
Sassenberg,14507.0,52.0,8.05
Scharbeutz,11973.0,54.033333,10.75
Schenefeld,17887.0,53.6,9.816667
Schermbeck,13758.0,51.683333000000005,6.866667
Schieder-Schwalenberg,9382.0,51.883333,9.183333
Schiffdorf,14424.0,53.533333,8.65
Schifferstadt,18933.0,49.387221999999994,8.374722
Schiffweiler,17356.0,49.366667,7.133333
Schkeuditz,19337.0,51.4,12.216667
Schleiden,13972.0,50.533333,6.466667
Schleswig,24061.0,54.516667000000005,9.55
Schlitz,10248.0,50.666667,9.566667
Schmalkalden,17963.0,50.716667,10.45
Schmallenberg,26218.0,51.15,8.3
Schmelz,17494.0,49.433333000000005,6.85
Schneeberg,16833.0,50.6,12.633333
Schneverdingen,19537.0,53.11666700000001,9.8
Schongau,12634.0,47.816666999999995,10.9
Schopfheim,19919.0,47.65,7.816667
Schorndorf,39919.0,48.8,9.533333
Schortens,21251.0,53.533333,7.95
Schotten,11570.0,50.5,9.133333
Schramberg,18637.0,48.233333,8.383333
Schriesheim,14448.0,49.477778,8.672778
Schrobenhausen,16177.0,48.55,11.266667
Schwabach,38921.0,49.329167,11.025556
Schwaigern,11032.0,49.143889,9.055
Schwalbach,14074.0,50.15,8.533333
Schwalbach,18801.0,49.3,6.816667
Schwalmstadt,20002.0,50.933333000000005,9.216667
Schwalmtal,19510.0,51.216667,6.266667
Schwandorf,28124.0,49.326389,12.109722
Schwanewede,19985.0,53.233332999999995,8.6
Schwarzenbach,5074.0,50.216667,11.933333
Schwarzenbek,15310.0,53.5,10.483333
Schwarzenberg,18406.0,50.55,12.783333
Schwedt,40005.0,53.066667,14.3
Schweinfurt,54801.0,50.05,10.233333
Schwelm,30470.0,51.283333,7.283333
Schwerin,96329.0,53.63333299999999,11.383333
Schwerte,50757.0,51.45,7.566667
Schwetzingen,23270.0,49.378056,8.581944
Schwieberdingen,10308.0,48.883333,9.066667
Sebnitz,9359.0,50.966667,14.283332999999999
Seeheim-Jugenheim,16776.0,49.765,8.651944
Seelze,33224.0,52.4,9.6
Seesen,21976.0,51.9,10.183333
Seevetal,41557.0,53.4,9.966667
Sehnde,22400.0,52.316666999999995,9.95
Selb,17172.0,50.166667,12.133333
Seligenstadt,19711.0,50.05,8.983333
Selm,27596.0,51.7,7.466667
Sendenhorst,13469.0,51.833333,7.8333330000000005
Senden,22199.0,48.316666999999995,10.066667
Senden,19880.0,51.85,7.5
Senftenberg,28812.0,51.516667,14.016667000000002
Siegburg,38818.0,50.8,7.2
Siegen,108228.0,50.866667,8.033333
Sigmaringen,17023.0,48.083333,9.216667
Simbach,10015.0,48.266667,13.016667
Simmerath,15981.0,50.6,6.3
Sindelfingen,61686.0,48.7,9.016667
Singen,46386.0,47.766667,8.833333
Sinsheim,35740.0,49.255278000000004,8.877222
Sinzheim,11131.0,48.766667,8.166667
Sinzig,17708.0,50.55,7.25
Soest,48720.0,51.583333,8.116667
Solingen,165192.0,51.183333000000005,7.0833330000000005
Solms,13982.0,50.766667,9.6
Soltau,22108.0,52.983332999999995,9.833333
Sondershausen,21954.0,51.366667,10.866667
Sonneberg,24351.0,50.35,11.166667
Sonthofen,21512.0,47.516667,10.283333
Sontra,8618.0,51.066666999999995,9.933333
Spaichingen,12258.0,48.083333,8.716667
Spenge,15569.0,52.133333,8.483333
Spiesen-Elversberg,14633.0,49.316666999999995,7.133333
Spremberg,28444.0,51.55,14.366667000000001
Springe,30284.0,52.216667,9.55
Stade,45419.0,53.6,9.483333
Stadtallendorf,21789.0,50.833333,9.016667
Stadtbergen,14837.0,48.366667,10.85
Stadthagen,23474.0,52.316666999999995,9.2
Stadtlohn,20726.0,51.983333,6.933333
Starnberg,22827.0,48.0,11.35
Steinau,11199.0,50.316666999999995,9.466667
Steinbach,10223.0,50.166667,8.566667
Steinen,10038.0,47.647177,7.741135000000001
Steinfurt,34478.0,52.15,7.35
Steinhagen,20143.0,52.0,8.4
Steinheim,11493.0,48.966667,9.283333
Steinheim,14059.0,51.85,9.1
Stein,13885.0,49.416667,11.016667
Stelle,11396.0,53.38333299999999,10.116667
Stendal,37402.0,52.6,11.85
Stephanskirchen,9812.0,47.85,12.183333
Stockach,16800.0,47.85,9.016667
Stockelsdorf,16449.0,53.9,10.65
Stolberg,58900.0,50.766667,6.233333
Stollberg,13304.0,50.716667,12.8
Straelen,15531.0,51.45,6.266667
Stralsund,57959.0,54.3,13.1
Straubing,44504.0,48.883333,12.566667
Strausberg,26835.0,52.583332999999996,13.883332999999999
Stuhr,33110.0,53.033333,8.75
Stuttgart,591688.0,48.766667,9.183333
Suhl,43269.0,50.6,10.7
Sulingen,12905.0,52.683333,8.8
Sulzbach-Rosenberg,20511.0,49.498333,11.751667
Sulzbach,18802.0,49.3,7.066667
Sulz,12834.0,48.366667,8.65
Sundern,29648.0,51.333333,8.0
Syke,24084.0,52.9,8.833333
Tamm,12327.0,48.916667,9.116667
Tauberbischofsheim,13276.0,49.624722,9.662778
Taucha,14669.0,51.383333,12.483333
Taufkirchen,17922.0,48.05,11.616667
Taunusstein,29461.0,50.15,8.15
Tecklenburg,9510.0,52.216667,7.8333330000000005
Telgte,19739.0,51.983333,7.783333
Teltow,19624.0,52.4,13.266667000000002
Templin,19764.0,53.11666700000001,13.5
Teningen,11939.0,48.133333,7.816667
Teterow,9683.0,53.783333,12.566667
Tettnang,18365.0,47.666667,9.6
Thale,13544.0,51.75,11.05
Thalheim,7622.0,50.7,12.85
Tholey,13266.0,49.483333,7.066667
Timmendorfer Strand,9090.0,54.0,10.783333
Tirschenreuth,9379.0,49.8825,12.333056
Titisee-Neustadt,12092.0,47.9,8.166667
Torgau,18883.0,51.566666999999995,13.0
Torgelow,10551.0,53.63333299999999,14.016667000000002
Tornesch,13045.0,53.7,9.716667
Tostedt,13695.0,53.283333,9.716667
Traunreut,21535.0,47.966667,12.6
Traunstein,18275.0,47.883333,12.65
Trebur,13016.0,49.931111,8.416111
Treuchtlingen,13208.0,48.95,10.916667
Trier,100649.0,49.75,6.633333
Troisdorf,75641.0,50.816666999999995,7.1666669999999995
Trossingen,15123.0,48.066666999999995,8.65
Trostberg,11640.0,48.033333,12.55
Tuttlingen,35133.0,47.983333,8.816667
Tutzing,9411.0,47.916667,11.283333
Twistringen,12675.0,52.8,8.65
Ubstadt-Weiher,12939.0,49.170833,8.618889
Uelzen,35096.0,52.966667,10.566667
Uetersen,18155.0,53.683333,9.666667
Uetze,20477.0,52.466667,10.2
Uhingen,14220.0,48.7,9.583333
Ulm,120745.0,48.4,10.0
Unna,69138.0,51.533333,7.683333
Unterhaching,20751.0,48.05,11.633333
Usingen,13469.0,50.333333,8.533333
Uslar,15982.0,51.666667,9.65
Vaihingen,29284.0,48.933333000000005,8.966667
Vallendar,9055.0,50.4,7.616667
Varel,25303.0,53.4,8.133333
Vaterstetten,20962.0,48.116667,11.783333
Vechelde,16165.0,52.266667,10.383333
Vechta,30178.0,52.716667,8.283333
Velbert,88876.0,51.333333,7.05
Velen,13236.0,51.9,6.983333
Vellmar,18464.0,51.35,9.466667
Velten,11697.0,52.683333,13.183333
Verden,26364.0,52.916667000000004,9.233333
Verl,24532.0,51.883333,8.516667
Versmold,21227.0,52.05,8.15
Vienenburg,11518.0,51.95,10.566667
Viernheim,32921.0,49.541667,8.578611
Viersen,76771.0,51.25,6.383333
Villingen-Schwenningen,82286.0,48.066666999999995,8.45
Vilsbiburg,11538.0,48.45,12.35
Vilshofen,16800.0,48.633333,13.183333
Vlotho,20219.0,52.166667,8.85
Voerde,39052.0,51.6,6.683333
Volkach,9424.0,49.866667,10.233333
Vreden,22250.0,52.033333,6.8333330000000005
Wachtberg,20004.0,50.633333,7.1
Wadern,17236.0,49.533333,6.883333
Wadersloh,13212.0,51.733333,8.25
Wadgassen,18787.0,49.266667,6.783333
Wahlstedt,9462.0,53.95,10.216667
Waiblingen,53515.0,48.833333,9.3
Waldheim,9150.0,51.066666999999995,13.016667
Waldkirchen,10716.0,48.733333,13.6
Waldkirch,20193.0,48.1,7.966667
Waldkraiburg,24939.0,48.216667,12.4
Wald-Michelbach,11447.0,49.57,8.831667
Waldshut-Tiengen,22648.0,47.616667,8.216667
Walldorf,14488.0,49.306389,8.645278
Wallenhorst,24279.0,52.35,8.016667
Wallerfangen,9880.0,49.333333,6.716667
Walsrode,24439.0,52.86666700000001,9.6
Waltershausen,11345.0,50.9,10.566667
Waltrop,30150.0,51.633333,7.4
Warburg,24399.0,51.5,9.166667
Wardenburg,16019.0,53.066667,8.2
Warendorf,39281.0,51.95,7.983333
Waren,21504.0,53.516667000000005,12.683333
Warstein,29029.0,51.45,8.366667
Wassenberg,16603.0,51.1,6.15
Wasserburg,12539.0,48.066666999999995,12.233333
Wedel,32619.0,53.583332999999996,9.716667
Weener,15794.0,53.166667000000004,7.35
Weeze,10371.0,51.633333,6.2
Wegberg,29931.0,51.15,6.266667
Wehr,13042.0,47.633333,7.9
Weida,8355.0,50.766667,12.066667
Weiden,42387.0,49.6775,12.156667
Weilburg,13833.0,50.483333,8.25
Weil der Stadt,19310.0,48.75,8.866667
Weilerswist,16515.0,50.766667,6.8333330000000005
Weilheim,21635.0,47.833333,11.15
Weimar,65113.0,50.983333,11.316667
Weingarten,23928.0,47.8,9.633333
Weinheim,43217.0,49.548333,8.666111
Weinsberg,11910.0,49.150278,9.288333
Weiterstadt,24499.0,49.907778,8.595278
Welver,13142.0,51.616667,7.966667
Welzheim,11286.0,48.883333,9.65
Wendelstein,16108.0,49.353611,11.148333000000001
Wenden,19977.0,50.966667,7.866667
Wendlingen,16199.0,48.683333000000005,9.383333
Wennigsen,14122.0,52.266667,9.583333
Werdau,24299.0,50.733333,12.383333
Werder,25913.0,52.383333,12.95
Werdohl,20481.0,51.266667,7.766667
Werl,32304.0,51.55,7.9166669999999995
Wermelskirchen,36952.0,51.15,7.216667
Wernau,12668.0,48.7,9.416667
Werneck,10764.0,49.983333,10.1
Wernigerode,34674.0,51.833333,10.783333
Wertheim,24920.0,49.7575,9.509444
Werther,11910.0,52.066666999999995,8.416667
Wesel,61768.0,51.666667,6.616667
Wesseling,36296.0,50.833333,6.983333
Westerkappeln,11443.0,52.316666999999995,7.883333
Westerland,8927.0,54.9,8.3
Westerstede,22209.0,53.25,7.933333
Wetter,9430.0,50.9,8.716667
Wetter,29328.0,51.383333,7.4
Wetzlar,52869.0,50.55,8.5
Wickede,12681.0,51.483333,7.866667
Wiefelstede,14816.0,53.25,8.116667
Wiehl,26784.0,50.95,7.533333
Wiesbaden,272337.0,50.083333,8.25
Wiesloch,26642.0,49.297778,8.701389
Wiesmoor,13180.0,53.416667000000004,7.733333
Wildberg,10186.0,48.633333,8.75
Wildeshausen,18276.0,52.9,8.433333
Wilhelmshaven,84209.0,53.516667000000005,8.133333
Willich,52100.0,51.266667,6.55
Wilnsdorf,21498.0,50.816666999999995,8.1
Winnenden,28230.0,48.883333,9.4
Winterberg,14603.0,51.2,8.533333
Wismar,45432.0,53.9,11.466667
Wittenberge,20322.0,53.0,11.75
Witten,101122.0,51.433333000000005,7.3333330000000005
Wittingen,12401.0,52.733332999999995,10.716667
Wittlich,17902.0,49.983333,6.883333
Wittmund,21417.0,53.566667,7.783333
Wittstock,19811.0,53.15,12.5
Witzenhausen,16001.0,51.333333,9.866667
Wolfen,25144.0,51.666667,12.283333
Wolfhagen,13265.0,51.316666999999995,9.166667
Wolfratshausen,17190.0,47.916667,11.416667
Wolfsburg,123184.0,52.433333,10.8
Wolgast,12539.0,54.05,13.766667000000002
Wolmirstedt,10589.0,52.25,11.633333
Wolnzach,11071.0,48.6,11.616667
Worms,82104.0,49.635556,8.359722
Worpswede,9580.0,53.216667,8.933333
Wunsiedel,10319.0,50.033333,12.016667
Wunstorf,42145.0,52.433333,9.416667
Wuppertal,363240.0,51.266667,7.183333
Wurzen,15066.0,51.366667,12.733333
Xanten,21294.0,51.666667,6.45
Zehdenick,16310.0,52.983332999999995,13.333332999999998
Zeitz,29582.0,51.05,12.15
Zella-Mehlis,12664.0,50.65,10.65
Zerbst,16054.0,51.966667,12.083333
Zetel,12037.0,53.416667000000004,7.983333
Zeulenroda,13760.0,50.65,11.983333
Zeven,12577.0,53.3,9.283333
Zirndorf,25237.0,49.45,10.95
Zittau,25527.0,50.9,14.833332999999998
Zschopau,12016.0,50.75,13.066667
Zwickau,99343.0,50.733333,12.5
Zwiesel,10484.0,49.016667,13.233332999999998
