time,generation
2015-01-01T03:00:00,0.3016666666666667
2015-01-01T04:00:00,0.15166666666666667
2015-01-01T05:00:00,0.13166666666666665
2015-01-01T06:00:00,0.08666666666666667
2015-01-01T07:00:00,0.07666666666666666
2015-01-01T08:00:00,0.15
2015-01-01T09:00:00,0.17666666666666667
2015-01-01T10:00:00,0.14
2015-01-01T11:00:00,0.125
2015-01-01T12:00:00,0.29
2015-01-01T13:00:00,0.19166666666666668
2015-01-01T14:00:00,0.185
2015-01-01T15:00:00,0.20833333333333334
2015-01-01T16:00:00,0.235
2015-01-01T17:00:00,0.24166666666666667
2015-01-01T18:00:00,0.23
2015-01-01T19:00:00,0.23333333333333334
2015-01-01T20:00:00,0.375
2015-01-01T21:00:00,0.5783333333333334
2015-01-01T22:00:00,0.7916666666666666
2015-01-01T23:00:00,0.7183333333333334
2015-01-02T00:00:00,0.765
2015-01-02T01:00:00,0.8516666666666667
2015-01-02T02:00:00,0.8933333333333333
2015-01-02T03:00:00,0.9433333333333334
2015-01-02T04:00:00,0.89
2015-01-02T05:00:00,0.5083333333333333
2015-01-02T06:00:00,0.10833333333333334
2015-01-02T07:00:00,0.6583333333333333
2015-01-02T08:00:00,0.9666666666666667
2015-01-02T09:00:00,0.9766666666666667
2015-01-02T10:00:00,0.9733333333333334
2015-01-02T11:00:00,0.9483333333333334
2015-01-02T12:00:00,0.8516666666666667
2015-01-02T13:00:00,0.8833333333333333
2015-01-02T14:00:00,0.8283333333333334
2015-01-02T15:00:00,0.8683333333333333
2015-01-02T16:00:00,0.7783333333333333
2015-01-02T17:00:00,0.8366666666666667
2015-01-02T18:00:00,0.9166666666666666
2015-01-02T19:00:00,0.9216666666666666
2015-01-02T20:00:00,0.905
2015-01-02T21:00:00,0.9116666666666666
2015-01-02T22:00:00,0.9183333333333333
2015-01-02T23:00:00,0.95
2015-01-03T00:00:00,0.9616666666666667
2015-01-03T01:00:00,0.965
2015-01-03T02:00:00,0.97
2015-01-03T03:00:00,0.9633333333333334
2015-01-03T04:00:00,0.8983333333333333
2015-01-03T05:00:00,0.8366666666666667
2015-01-03T06:00:00,0.9083333333333333
2015-01-03T07:00:00,0.885
2015-01-03T08:00:00,0.9133333333333333
2015-01-03T09:00:00,0.8216666666666667
2015-01-03T10:00:00,0.9
2015-01-03T11:00:00,0.9216666666666666
2015-01-03T12:00:00,0.9083333333333333
2015-01-03T13:00:00,0.74
2015-01-03T14:00:00,0.6733333333333333
2015-01-03T15:00:00,0.6416666666666667
2015-01-03T16:00:00,0.6783333333333333
2015-01-03T17:00:00,0.645
2015-01-03T18:00:00,0.48
2015-01-03T19:00:00,0.465
2015-01-03T20:00:00,0.43
2015-01-03T21:00:00,0.48
2015-01-03T22:00:00,0.5133333333333333
2015-01-03T23:00:00,0.6583333333333333
2015-01-04T00:00:00,0.77
2015-01-04T01:00:00,0.6816666666666666
2015-01-04T02:00:00,0.7383333333333333
2015-01-04T03:00:00,0.6366666666666667
2015-01-04T04:00:00,0.65
2015-01-04T05:00:00,0.49666666666666665
2015-01-04T06:00:00,0.7466666666666667
2015-01-04T07:00:00,0.6933333333333334
2015-01-04T08:00:00,0.6566666666666666
2015-01-04T09:00:00,0.5783333333333334
2015-01-04T10:00:00,0.655
2015-01-04T11:00:00,0.6583333333333333
2015-01-04T12:00:00,0.6683333333333333
2015-01-04T13:00:00,0.555
2015-01-04T14:00:00,0.42333333333333334
2015-01-04T15:00:00,0.585
2015-01-04T16:00:00,0.41
2015-01-04T17:00:00,0.3883333333333333
2015-01-04T18:00:00,0.4
2015-01-04T19:00:00,0.1
2015-01-04T20:00:00,0.12166666666666667
2015-01-04T21:00:00,0.275
2015-01-04T22:00:00,0.4
2015-01-04T23:00:00,0.37333333333333335
2015-01-05T00:00:00,0.4166666666666667
2015-01-05T01:00:00,0.30833333333333335
2015-01-05T02:00:00,0.25166666666666665
2015-01-05T03:00:00,0.29
2015-01-05T04:00:00,0.36666666666666664
2015-01-05T05:00:00,0.13
2015-01-05T06:00:00,0.0
2015-01-05T07:00:00,0.10666666666666667
2015-01-05T08:00:00,0.155
2015-01-05T09:00:00,0.18666666666666668
2015-01-05T10:00:00,0.4216666666666667
2015-01-05T11:00:00,0.9183333333333333
2015-01-05T12:00:00,0.775
2015-01-05T13:00:00,0.6416666666666667
2015-01-05T14:00:00,0.49833333333333335
2015-01-05T15:00:00,0.35333333333333333
2015-01-05T16:00:00,0.315
2015-01-05T17:00:00,0.22833333333333333
2015-01-05T18:00:00,0.12166666666666667
2015-01-05T19:00:00,0.075
2015-01-05T20:00:00,0.05333333333333334
2015-01-05T21:00:00,0.028333333333333332
2015-01-05T22:00:00,0.0016666666666666668
2015-01-05T23:00:00,0.0
2015-01-06T00:00:00,0.0
2015-01-06T01:00:00,0.0
2015-01-06T02:00:00,0.0
2015-01-06T03:00:00,0.0
2015-01-06T04:00:00,0.0
2015-01-06T05:00:00,0.0
2015-01-06T06:00:00,0.0
2015-01-06T07:00:00,0.0
2015-01-06T08:00:00,0.0
2015-01-06T09:00:00,0.011666666666666667
2015-01-06T10:00:00,0.12
2015-01-06T11:00:00,0.12666666666666668
2015-01-06T12:00:00,0.16666666666666666
2015-01-06T13:00:00,0.15833333333333333
2015-01-06T14:00:00,0.285
2015-01-06T15:00:00,0.32666666666666666
2015-01-06T16:00:00,0.20833333333333334
2015-01-06T17:00:00,0.36333333333333334
2015-01-06T18:00:00,0.25166666666666665
2015-01-06T19:00:00,0.27666666666666667
2015-01-06T20:00:00,0.23333333333333334
2015-01-06T21:00:00,0.12333333333333334
2015-01-06T22:00:00,0.058333333333333334
2015-01-06T23:00:00,0.05
2015-01-07T00:00:00,0.018333333333333333
2015-01-07T01:00:00,0.045
2015-01-07T02:00:00,0.095
2015-01-07T03:00:00,0.08
2015-01-07T04:00:00,0.07
2015-01-07T05:00:00,0.06666666666666667
2015-01-07T06:00:00,0.09333333333333334
2015-01-07T07:00:00,0.115
2015-01-07T08:00:00,0.09666666666666666
2015-01-07T09:00:00,0.15166666666666667
2015-01-07T10:00:00,0.16333333333333333
2015-01-07T11:00:00,0.13666666666666666
2015-01-07T12:00:00,0.10666666666666667
2015-01-07T13:00:00,0.175
2015-01-07T14:00:00,0.135
2015-01-07T15:00:00,0.1
2015-01-07T16:00:00,0.14833333333333334
2015-01-07T17:00:00,0.14666666666666667
2015-01-07T18:00:00,0.17166666666666666
2015-01-07T19:00:00,0.20333333333333334
2015-01-07T20:00:00,0.16833333333333333
2015-01-07T21:00:00,0.12666666666666668
2015-01-07T22:00:00,0.19833333333333333
2015-01-07T23:00:00,0.16833333333333333
2015-01-08T00:00:00,0.17333333333333334
2015-01-08T01:00:00,0.195
2015-01-08T02:00:00,0.20333333333333334
2015-01-08T03:00:00,0.36333333333333334
2015-01-08T04:00:00,0.25166666666666665
2015-01-08T05:00:00,0.365
2015-01-08T06:00:00,0.30666666666666664
2015-01-08T07:00:00,0.335
2015-01-08T08:00:00,0.31166666666666665
2015-01-08T09:00:00,0.3383333333333333
2015-01-08T10:00:00,0.37333333333333335
2015-01-08T11:00:00,0.43333333333333335
2015-01-08T12:00:00,0.3283333333333333
2015-01-08T13:00:00,0.435
2015-01-08T14:00:00,0.5466666666666666
2015-01-08T15:00:00,0.3233333333333333
2015-01-08T16:00:00,0.31666666666666665
2015-01-08T17:00:00,0.27166666666666667
2015-01-08T18:00:00,0.12333333333333334
2015-01-08T19:00:00,0.235
2015-01-08T20:00:00,0.7416666666666667
2015-01-08T21:00:00,0.4266666666666667
2015-01-08T22:00:00,0.6833333333333333
2015-01-08T23:00:00,0.6683333333333333
2015-01-09T00:00:00,0.7283333333333334
2015-01-09T01:00:00,0.7766666666666666
2015-01-09T02:00:00,0.7316666666666667
2015-01-09T03:00:00,0.7966666666666666
2015-01-09T04:00:00,0.72
2015-01-09T05:00:00,0.5733333333333334
2015-01-09T06:00:00,0.8233333333333334
2015-01-09T07:00:00,0.8716666666666667
2015-01-09T08:00:00,0.9283333333333333
2015-01-09T09:00:00,0.7816666666666666
2015-01-09T10:00:00,0.8883333333333333
2015-01-09T11:00:00,0.7383333333333333
2015-01-09T12:00:00,0.8116666666666666
2015-01-09T13:00:00,0.785
2015-01-09T14:00:00,0.9783333333333334
2015-01-09T15:00:00,0.9666666666666667
2015-01-09T16:00:00,0.8466666666666667
2015-01-09T17:00:00,0.9733333333333334
2015-01-09T18:00:00,0.9666666666666667
2015-01-09T19:00:00,0.975
2015-01-09T20:00:00,0.9666666666666667
2015-01-09T21:00:00,0.8733333333333333
2015-01-09T22:00:00,0.8133333333333334
2015-01-09T23:00:00,0.6166666666666667
2015-01-10T00:00:00,0.24166666666666667
2015-01-10T01:00:00,0.11833333333333333
2015-01-10T02:00:00,0.10333333333333333
2015-01-10T03:00:00,0.095
2015-01-10T04:00:00,0.24833333333333332
2015-01-10T05:00:00,0.665
2015-01-10T06:00:00,0.6133333333333333
2015-01-10T07:00:00,0.73
2015-01-10T08:00:00,0.8816666666666667
2015-01-10T09:00:00,0.8616666666666667
2015-01-10T10:00:00,0.9066666666666666
2015-01-10T11:00:00,0.93
2015-01-10T12:00:00,0.88
2015-01-10T13:00:00,0.6533333333333333
2015-01-10T14:00:00,0.81
2015-01-10T15:00:00,0.7933333333333333
2015-01-10T16:00:00,0.9583333333333334
2015-01-10T17:00:00,0.9766666666666667
2015-01-10T18:00:00,0.9333333333333333
2015-01-10T19:00:00,0.9583333333333334
2015-01-10T20:00:00,0.9766666666666667
2015-01-10T21:00:00,0.9783333333333334
2015-01-10T22:00:00,0.98
2015-01-10T23:00:00,0.9783333333333334
2015-01-11T00:00:00,0.9766666666666667
2015-01-11T01:00:00,0.95
2015-01-11T02:00:00,0.94
2015-01-11T03:00:00,0.8483333333333334
2015-01-11T04:00:00,0.9016666666666666
2015-01-11T05:00:00,0.93
2015-01-11T06:00:00,0.8933333333333333
2015-01-11T07:00:00,0.8233333333333334
2015-01-11T08:00:00,0.9116666666666666
2015-01-11T09:00:00,0.955
2015-01-11T10:00:00,0.9716666666666667
2015-01-11T11:00:00,0.9483333333333334
2015-01-11T12:00:00,0.7683333333333333
2015-01-11T13:00:00,0.925
2015-01-11T14:00:00,0.8583333333333333
2015-01-11T15:00:00,0.7633333333333333
2015-01-11T16:00:00,0.8466666666666667
2015-01-11T17:00:00,0.8433333333333334
2015-01-11T18:00:00,0.785
2015-01-11T19:00:00,0.9
2015-01-11T20:00:00,0.6783333333333333
2015-01-11T21:00:00,0.3983333333333333
2015-01-11T22:00:00,0.7583333333333333
2015-01-11T23:00:00,0.685
2015-01-12T00:00:00,0.6966666666666667
2015-01-12T01:00:00,0.6466666666666666
2015-01-12T02:00:00,0.6283333333333333
2015-01-12T03:00:00,0.555
2015-01-12T04:00:00,0.66
2015-01-12T05:00:00,0.6516666666666666
2015-01-12T06:00:00,0.53
2015-01-12T07:00:00,0.3283333333333333
2015-01-12T08:00:00,0.4683333333333333
2015-01-12T09:00:00,0.47
2015-01-12T10:00:00,0.6633333333333333
2015-01-12T11:00:00,0.7266666666666667
2015-01-12T12:00:00,0.745
2015-01-12T13:00:00,0.8766666666666667
2015-01-12T14:00:00,0.8983333333333333
2015-01-12T15:00:00,0.74
2015-01-12T16:00:00,0.835
2015-01-12T17:00:00,0.6933333333333334
2015-01-12T18:00:00,0.6716666666666666
2015-01-12T19:00:00,0.7783333333333333
2015-01-12T20:00:00,0.9116666666666666
2015-01-12T21:00:00,0.92
2015-01-12T22:00:00,0.9366666666666666
2015-01-12T23:00:00,0.8066666666666666
2015-01-13T00:00:00,0.6066666666666667
2015-01-13T01:00:00,0.4866666666666667
2015-01-13T02:00:00,0.5833333333333334
2015-01-13T03:00:00,0.7083333333333334
2015-01-13T04:00:00,0.6
2015-01-13T05:00:00,0.6783333333333333
2015-01-13T06:00:00,0.6666666666666666
2015-01-13T07:00:00,0.6133333333333333
2015-01-13T08:00:00,0.7933333333333333
2015-01-13T09:00:00,0.9016666666666666
2015-01-13T10:00:00,0.8316666666666667
2015-01-13T11:00:00,0.7233333333333334
2015-01-13T12:00:00,0.8466666666666667
2015-01-13T13:00:00,0.7733333333333333
2015-01-13T14:00:00,0.8833333333333333
2015-01-13T15:00:00,0.7866666666666666
2015-01-13T16:00:00,0.64
2015-01-13T17:00:00,0.7883333333333333
2015-01-13T18:00:00,0.8916666666666667
2015-01-13T19:00:00,0.6466666666666666
2015-01-13T20:00:00,0.465
2015-01-13T21:00:00,0.33666666666666667
2015-01-13T22:00:00,0.3566666666666667
2015-01-13T23:00:00,0.3
2015-01-14T00:00:00,0.39
2015-01-14T01:00:00,0.21833333333333332
2015-01-14T02:00:00,0.19333333333333333
2015-01-14T03:00:00,0.24666666666666667
2015-01-14T04:00:00,0.18166666666666667
2015-01-14T05:00:00,0.30666666666666664
2015-01-14T06:00:00,0.5416666666666666
2015-01-14T07:00:00,0.7016666666666667
2015-01-14T08:00:00,0.6683333333333333
2015-01-14T09:00:00,0.5983333333333334
2015-01-14T10:00:00,0.4666666666666667
2015-01-14T11:00:00,0.6616666666666666
2015-01-14T12:00:00,0.665
2015-01-14T13:00:00,0.43166666666666664
2015-01-14T14:00:00,0.21333333333333335
2015-01-14T15:00:00,0.08166666666666667
2015-01-14T16:00:00,0.20666666666666667
2015-01-14T17:00:00,0.115
2015-01-14T18:00:00,0.13333333333333333
2015-01-14T19:00:00,0.335
2015-01-14T20:00:00,0.4483333333333333
2015-01-14T21:00:00,0.21666666666666667
2015-01-14T22:00:00,0.235
2015-01-14T23:00:00,0.195
2015-01-15T00:00:00,0.12333333333333334
2015-01-15T01:00:00,0.205
2015-01-15T02:00:00,0.21166666666666667
2015-01-15T03:00:00,0.325
2015-01-15T04:00:00,0.41
2015-01-15T05:00:00,0.44
2015-01-15T06:00:00,0.5133333333333333
2015-01-15T07:00:00,0.5116666666666667
2015-01-15T08:00:00,0.6116666666666667
2015-01-15T09:00:00,0.6416666666666667
2015-01-15T10:00:00,0.7683333333333333
2015-01-15T11:00:00,0.675
2015-01-15T12:00:00,0.56
2015-01-15T13:00:00,0.5233333333333333
2015-01-15T14:00:00,0.7166666666666667
2015-01-15T15:00:00,0.655
2015-01-15T16:00:00,0.7533333333333333
2015-01-15T17:00:00,0.8233333333333334
2015-01-15T18:00:00,0.7483333333333333
2015-01-15T19:00:00,0.785
2015-01-15T20:00:00,0.8116666666666666
2015-01-15T21:00:00,0.74
2015-01-15T22:00:00,0.6583333333333333
2015-01-15T23:00:00,0.7
2015-01-16T00:00:00,0.29833333333333334
2015-01-16T01:00:00,0.10333333333333333
2015-01-16T02:00:00,0.175
2015-01-16T03:00:00,0.325
2015-01-16T04:00:00,0.49
2015-01-16T05:00:00,0.34
2015-01-16T06:00:00,0.3383333333333333
2015-01-16T07:00:00,0.18
2015-01-16T08:00:00,0.215
2015-01-16T09:00:00,0.19
2015-01-16T10:00:00,0.12166666666666667
2015-01-16T11:00:00,0.07
2015-01-16T12:00:00,0.06666666666666667
2015-01-16T13:00:00,0.07833333333333334
2015-01-16T14:00:00,0.07166666666666667
2015-01-16T15:00:00,0.041666666666666664
2015-01-16T16:00:00,0.03833333333333333
2015-01-16T17:00:00,0.041666666666666664
2015-01-16T18:00:00,0.043333333333333335
2015-01-16T19:00:00,0.005
2015-01-16T20:00:00,0.0
2015-01-16T21:00:00,0.0
2015-01-16T22:00:00,0.006666666666666667
2015-01-16T23:00:00,0.0033333333333333335
2015-01-17T00:00:00,0.0
2015-01-17T01:00:00,0.01
2015-01-17T02:00:00,0.02
2015-01-17T03:00:00,0.018333333333333333
2015-01-17T04:00:00,0.058333333333333334
2015-01-17T05:00:00,0.07166666666666667
2015-01-17T06:00:00,0.14666666666666667
2015-01-17T07:00:00,0.12833333333333333
2015-01-17T08:00:00,0.105
2015-01-17T09:00:00,0.11
2015-01-17T10:00:00,0.03833333333333333
2015-01-17T11:00:00,0.06166666666666667
2015-01-17T12:00:00,0.11666666666666667
2015-01-17T13:00:00,0.18833333333333332
2015-01-17T14:00:00,0.065
2015-01-17T15:00:00,0.016666666666666666
2015-01-17T16:00:00,0.08833333333333333
2015-01-17T17:00:00,0.14
2015-01-17T18:00:00,0.08666666666666667
2015-01-17T19:00:00,0.06166666666666667
2015-01-17T20:00:00,0.06333333333333334
2015-01-17T21:00:00,0.03
2015-01-17T22:00:00,0.09166666666666666
2015-01-17T23:00:00,0.13666666666666666
2015-01-18T00:00:00,0.09
2015-01-18T01:00:00,0.06666666666666667
2015-01-18T02:00:00,0.07333333333333333
2015-01-18T03:00:00,0.07333333333333333
2015-01-18T04:00:00,0.043333333333333335
2015-01-18T05:00:00,0.095
2015-01-18T06:00:00,0.105
2015-01-18T07:00:00,0.06333333333333334
2015-01-18T08:00:00,0.09833333333333333
2015-01-18T09:00:00,0.09333333333333334
2015-01-18T10:00:00,0.10333333333333333
2015-01-18T11:00:00,0.18666666666666668
2015-01-18T12:00:00,0.13166666666666665
2015-01-18T13:00:00,0.145
2015-01-18T14:00:00,0.06666666666666667
2015-01-18T15:00:00,0.051666666666666666
2015-01-18T16:00:00,0.06
2015-01-18T17:00:00,0.055
2015-01-18T18:00:00,0.06833333333333333
2015-01-18T19:00:00,0.08
2015-01-18T20:00:00,0.051666666666666666
2015-01-18T21:00:00,0.041666666666666664
2015-01-18T22:00:00,0.03333333333333333
2015-01-18T23:00:00,0.07
2015-01-19T00:00:00,0.04666666666666667
2015-01-19T01:00:00,0.05333333333333334
2015-01-19T02:00:00,0.05
2015-01-19T03:00:00,0.03333333333333333
2015-01-19T04:00:00,0.021666666666666667
2015-01-19T05:00:00,0.01
2015-01-19T06:00:00,0.021666666666666667
2015-01-19T07:00:00,0.015
2015-01-19T08:00:00,0.015
2015-01-19T09:00:00,0.0016666666666666668
2015-01-19T10:00:00,0.0
2015-01-19T11:00:00,0.0
2015-01-19T12:00:00,0.0016666666666666668
2015-01-19T13:00:00,0.013333333333333334
2015-01-19T14:00:00,0.01
2015-01-19T15:00:00,0.04
2015-01-19T16:00:00,0.05333333333333334
2015-01-19T17:00:00,0.045
2015-01-19T18:00:00,0.07166666666666667
2015-01-19T19:00:00,0.06166666666666667
2015-01-19T20:00:00,0.035
2015-01-21T22:00:00,0.0
2015-01-21T23:00:00,0.0
2015-01-22T00:00:00,0.0016666666666666668
2015-01-22T01:00:00,0.016666666666666666
2015-01-22T02:00:00,0.0016666666666666668
2015-01-22T03:00:00,0.02666666666666667
2015-01-22T04:00:00,0.06833333333333333
2015-01-22T05:00:00,0.06333333333333334
2015-01-22T06:00:00,0.045
2015-01-22T07:00:00,0.07166666666666667
2015-01-22T08:00:00,0.08833333333333333
2015-01-22T09:00:00,0.10333333333333333
2015-01-22T10:00:00,0.10666666666666667
2015-01-22T11:00:00,0.075
2015-01-22T12:00:00,0.09
2015-01-22T13:00:00,0.12
2015-01-22T14:00:00,0.08666666666666667
2015-01-22T15:00:00,0.06
2015-01-22T16:00:00,0.06
2015-01-22T17:00:00,0.09
2015-01-22T18:00:00,0.08166666666666667
2015-01-22T19:00:00,0.09
2015-01-22T20:00:00,0.09
2015-01-22T21:00:00,0.07666666666666666
2015-01-22T22:00:00,0.09333333333333334
2015-01-22T23:00:00,0.035
2015-01-23T00:00:00,0.05333333333333334
2015-01-23T01:00:00,0.051666666666666666
2015-01-23T02:00:00,0.035
2015-01-23T03:00:00,0.043333333333333335
2015-01-23T04:00:00,0.03333333333333333
2015-01-23T05:00:00,0.04666666666666667
2015-01-23T06:00:00,0.09
2015-01-23T07:00:00,0.09333333333333334
2015-01-23T08:00:00,0.105
2015-01-23T09:00:00,0.035
2015-01-23T10:00:00,0.021666666666666667
2015-01-23T11:00:00,0.005
2015-01-23T12:00:00,0.0016666666666666668
2015-01-23T13:00:00,0.0
2015-01-23T14:00:00,0.0033333333333333335
2015-01-23T15:00:00,0.0
2015-01-23T16:00:00,0.0
2015-01-23T17:00:00,0.0
2015-01-23T18:00:00,0.0
2015-01-23T19:00:00,0.0
2015-01-23T20:00:00,0.0
2015-01-23T21:00:00,0.0
2015-01-23T22:00:00,0.023333333333333334
2015-01-23T23:00:00,0.006666666666666667
2015-01-24T00:00:00,0.015
2015-01-24T01:00:00,0.008333333333333333
2015-01-24T02:00:00,0.07
2015-01-24T03:00:00,0.055
2015-01-24T04:00:00,0.11333333333333333
2015-01-24T05:00:00,0.11
2015-01-24T06:00:00,0.1
2015-01-24T07:00:00,0.13666666666666666
2015-01-24T08:00:00,0.18
2015-01-24T09:00:00,0.13666666666666666
2015-01-24T10:00:00,0.16
2015-01-24T11:00:00,0.095
2015-01-24T12:00:00,0.051666666666666666
2015-01-24T13:00:00,0.065
2015-01-24T14:00:00,0.028333333333333332
2015-01-24T15:00:00,0.011666666666666667
2015-01-24T16:00:00,0.011666666666666667
2015-01-24T17:00:00,0.016666666666666666
2015-01-24T18:00:00,0.01
2015-01-24T19:00:00,0.005
2015-01-24T20:00:00,0.03
2015-01-24T21:00:00,0.055
2015-01-24T22:00:00,0.02666666666666667
2015-01-24T23:00:00,0.03
2015-01-25T00:00:00,0.07666666666666666
2015-01-25T01:00:00,0.13333333333333333
2015-01-25T02:00:00,0.11666666666666667
2015-01-25T03:00:00,0.12
2015-01-25T04:00:00,0.12833333333333333
2015-01-25T05:00:00,0.14333333333333334
2015-01-25T06:00:00,0.085
2015-01-25T07:00:00,0.07666666666666666
2015-01-25T08:00:00,0.07833333333333334
2015-01-25T09:00:00,0.06166666666666667
2015-01-25T10:00:00,0.03833333333333333
2015-01-25T11:00:00,0.016666666666666666
2015-01-25T12:00:00,0.0
2015-01-25T13:00:00,0.0033333333333333335
2015-01-25T14:00:00,0.02
2015-01-25T15:00:00,0.025
2015-01-25T16:00:00,0.03333333333333333
2015-01-25T17:00:00,0.0033333333333333335
2015-01-25T18:00:00,0.0
2015-01-25T19:00:00,0.0
2015-01-25T20:00:00,0.0
2015-01-25T21:00:00,0.0
2015-01-25T22:00:00,0.0
2015-01-25T23:00:00,0.0
2015-01-26T00:00:00,0.008333333333333333
2015-01-26T01:00:00,0.0016666666666666668
2015-01-26T02:00:00,0.01
2015-01-26T03:00:00,0.05
2015-01-26T04:00:00,0.041666666666666664
2015-01-26T05:00:00,0.05333333333333334
2015-01-26T06:00:00,0.023333333333333334
2015-01-26T07:00:00,0.03
2015-01-26T08:00:00,0.051666666666666666
2015-01-26T09:00:00,0.07
2015-01-26T10:00:00,0.07833333333333334
2015-01-26T11:00:00,0.22
2015-01-26T12:00:00,0.19333333333333333
2015-01-26T13:00:00,0.20166666666666666
2015-01-26T14:00:00,0.19
2015-01-26T15:00:00,0.225
2015-01-26T16:00:00,0.26
2015-01-26T17:00:00,0.2683333333333333
2015-01-26T18:00:00,0.22833333333333333
2015-01-26T19:00:00,0.17333333333333334
2015-01-26T20:00:00,0.16833333333333333
2015-01-26T21:00:00,0.23666666666666666
2015-01-26T22:00:00,0.295
2015-01-26T23:00:00,0.605
2015-01-27T00:00:00,0.42833333333333334
2015-01-27T01:00:00,0.4683333333333333
2015-01-27T02:00:00,0.465
2015-01-27T03:00:00,0.4033333333333333
2015-01-27T04:00:00,0.27166666666666667
2015-01-27T05:00:00,0.4116666666666667
2015-01-27T06:00:00,0.485
2015-01-27T07:00:00,0.45166666666666666
2015-01-27T08:00:00,0.44666666666666666
2015-01-27T09:00:00,0.52
2015-01-27T10:00:00,0.43166666666666664
2015-01-27T11:00:00,0.41833333333333333
2015-01-27T12:00:00,0.4
2015-01-27T13:00:00,0.52
2015-01-27T14:00:00,0.4083333333333333
2015-01-27T15:00:00,0.28
2015-01-27T16:00:00,0.235
2015-01-27T17:00:00,0.16333333333333333
2015-01-27T18:00:00,0.13166666666666665
2015-01-27T19:00:00,0.25666666666666665
2015-01-27T20:00:00,0.2633333333333333
2015-01-27T21:00:00,0.16
2015-01-27T22:00:00,0.14666666666666667
2015-01-27T23:00:00,0.07333333333333333
2015-01-28T00:00:00,0.12333333333333334
2015-01-28T01:00:00,0.06
2015-01-28T02:00:00,0.045
2015-01-28T03:00:00,0.08166666666666667
2015-01-28T04:00:00,0.1
2015-01-28T05:00:00,0.08666666666666667
2015-01-28T06:00:00,0.085
2015-01-28T07:00:00,0.15833333333333333
2015-01-28T08:00:00,0.22166666666666668
2015-01-28T09:00:00,0.2816666666666667
2015-01-28T10:00:00,0.31833333333333336
2015-01-28T11:00:00,0.5133333333333333
2015-01-28T12:00:00,0.79
2015-01-28T13:00:00,0.8533333333333334
2015-01-28T14:00:00,0.71
2015-01-28T15:00:00,0.8616666666666667
2015-01-28T16:00:00,0.875
2015-01-28T17:00:00,0.9116666666666666
2015-01-28T18:00:00,0.9716666666666667
2015-01-28T19:00:00,0.955
2015-01-28T20:00:00,0.9516666666666667
2015-01-28T21:00:00,0.93
2015-01-28T22:00:00,0.7666666666666667
2015-01-28T23:00:00,0.695
2015-01-29T00:00:00,0.58
2015-01-29T01:00:00,0.6333333333333333
2015-01-29T02:00:00,0.675
2015-01-29T03:00:00,0.56
2015-01-29T04:00:00,0.6283333333333333
2015-01-29T05:00:00,0.5116666666666667
2015-01-29T06:00:00,0.4083333333333333
2015-01-29T07:00:00,0.6416666666666667
2015-01-29T08:00:00,0.6433333333333333
2015-01-29T09:00:00,0.4816666666666667
2015-01-29T10:00:00,0.46166666666666667
2015-01-29T11:00:00,0.0
2015-01-29T12:00:00,0.0
2015-01-29T13:00:00,0.0
2015-01-29T14:00:00,0.09333333333333334
2015-01-29T15:00:00,0.44333333333333336
2015-01-29T16:00:00,0.46
2015-01-29T17:00:00,0.28
2015-01-29T18:00:00,0.285
2015-01-29T19:00:00,0.31
2015-01-29T20:00:00,0.25833333333333336
2015-01-29T21:00:00,0.17
2015-01-29T22:00:00,0.14833333333333334
2015-01-29T23:00:00,0.09666666666666666
2015-01-30T00:00:00,0.115
2015-01-30T01:00:00,0.07166666666666667
2015-01-30T02:00:00,0.06
2015-01-30T03:00:00,0.043333333333333335
2015-01-30T04:00:00,0.02
2015-01-30T05:00:00,0.0
2015-01-30T06:00:00,0.0
2015-01-30T07:00:00,0.0
2015-01-30T08:00:00,0.0
2015-01-30T09:00:00,0.0
2015-01-30T10:00:00,0.0
2015-01-30T11:00:00,0.005
2015-01-30T12:00:00,0.02666666666666667
2015-01-30T13:00:00,0.055
2015-01-30T14:00:00,0.03
2015-01-30T15:00:00,0.025
2015-01-30T16:00:00,0.02
2015-01-30T17:00:00,0.0
2015-01-30T18:00:00,0.0
2015-01-30T19:00:00,0.01
2015-01-30T20:00:00,0.06333333333333334
2015-01-30T21:00:00,0.055
2015-01-30T22:00:00,0.1
2015-01-30T23:00:00,0.10833333333333334
2015-01-31T00:00:00,0.10333333333333333
2015-01-31T01:00:00,0.09333333333333334
2015-01-31T02:00:00,0.07
2015-01-31T03:00:00,0.1
2015-01-31T04:00:00,0.07833333333333334
2015-01-31T05:00:00,0.058333333333333334
2015-01-31T06:00:00,0.045
2015-01-31T07:00:00,0.0
2015-01-31T08:00:00,0.0
2015-01-31T09:00:00,0.0016666666666666668
2015-01-31T10:00:00,0.0
2015-01-31T11:00:00,0.0
2015-01-31T12:00:00,0.0
2015-01-31T13:00:00,0.0
2015-01-31T14:00:00,0.008333333333333333
2015-01-31T15:00:00,0.0016666666666666668
2015-01-31T16:00:00,0.015
2015-01-31T17:00:00,0.0016666666666666668
2015-01-31T18:00:00,0.02666666666666667
2015-01-31T19:00:00,0.145
2015-01-31T20:00:00,0.16333333333333333
2015-01-31T21:00:00,0.10166666666666667
2015-01-31T22:00:00,0.11
2015-01-31T23:00:00,0.10166666666666667
2015-02-01T00:00:00,0.11166666666666666
2015-02-01T01:00:00,0.14666666666666667
2015-02-01T02:00:00,0.09
2015-02-01T03:00:00,0.10666666666666667
2015-02-01T04:00:00,0.1
2015-02-01T05:00:00,0.06833333333333333
2015-02-01T06:00:00,0.06333333333333334
2015-02-01T07:00:00,0.15666666666666668
2015-02-01T08:00:00,0.17833333333333334
2015-02-01T09:00:00,0.1
2015-02-01T10:00:00,0.12833333333333333
2015-02-01T11:00:00,0.14333333333333334
2015-02-01T12:00:00,0.13166666666666665
2015-02-01T13:00:00,0.16
2015-02-01T14:00:00,0.056666666666666664
2015-02-01T15:00:00,0.08666666666666667
2015-02-01T16:00:00,0.05333333333333334
2015-02-01T17:00:00,0.055
2015-02-01T18:00:00,0.17666666666666667
2015-02-01T19:00:00,0.14833333333333334
2015-02-01T20:00:00,0.14
2015-02-01T21:00:00,0.15
2015-02-01T22:00:00,0.17
2015-02-01T23:00:00,0.11333333333333333
2015-02-02T00:00:00,0.09166666666666666
2015-02-02T01:00:00,0.14333333333333334
2015-02-02T02:00:00,0.115
2015-02-02T03:00:00,0.215
2015-02-02T04:00:00,0.18
2015-02-02T05:00:00,0.19
2015-02-02T06:00:00,0.10833333333333334
2015-02-02T07:00:00,0.18
2015-02-02T08:00:00,0.225
2015-02-02T09:00:00,0.21166666666666667
2015-02-02T10:00:00,0.23166666666666666
2015-02-02T11:00:00,0.3883333333333333
2015-02-02T12:00:00,0.405
2015-02-02T13:00:00,0.27666666666666667
2015-02-02T14:00:00,0.18666666666666668
2015-02-02T15:00:00,0.22666666666666666
2015-02-02T16:00:00,0.315
2015-02-02T17:00:00,0.165
2015-02-02T18:00:00,0.21
2015-02-02T19:00:00,0.12833333333333333
2015-02-02T20:00:00,0.12
2015-02-02T21:00:00,0.14833333333333334
2015-02-02T22:00:00,0.105
2015-02-02T23:00:00,0.09666666666666666
2015-02-03T00:00:00,0.115
2015-02-03T01:00:00,0.16333333333333333
2015-02-03T02:00:00,0.11833333333333333
2015-02-03T03:00:00,0.10166666666666667
2015-02-03T04:00:00,0.065
2015-02-03T05:00:00,0.095
2015-02-03T06:00:00,0.04
2015-02-03T07:00:00,0.065
2015-02-03T08:00:00,0.035
2015-02-03T09:00:00,0.0
2015-02-03T10:00:00,0.0
2015-02-03T11:00:00,0.0
2015-02-03T12:00:00,0.0
2015-02-03T13:00:00,0.0
2015-02-03T14:00:00,0.0016666666666666668
2015-02-03T15:00:00,0.025
2015-02-03T16:00:00,0.0
2015-02-03T17:00:00,0.0016666666666666668
2015-02-03T18:00:00,0.018333333333333333
2015-02-03T19:00:00,0.013333333333333334
2015-02-03T20:00:00,0.015
2015-02-03T21:00:00,0.005
2015-02-03T22:00:00,0.041666666666666664
2015-02-03T23:00:00,0.06
2015-02-04T00:00:00,0.065
2015-02-04T01:00:00,0.06666666666666667
2015-02-04T02:00:00,0.043333333333333335
2015-02-04T03:00:00,0.01
2015-02-04T04:00:00,0.015
2015-02-04T05:00:00,0.018333333333333333
2015-02-04T06:00:00,0.025
2015-02-04T07:00:00,0.025
2015-02-04T08:00:00,0.041666666666666664
2015-02-04T09:00:00,0.02666666666666667
2015-02-04T10:00:00,0.008333333333333333
2015-02-04T11:00:00,0.011666666666666667
2015-02-04T12:00:00,0.005
2015-02-04T13:00:00,0.05
2015-02-04T14:00:00,0.058333333333333334
2015-02-04T15:00:00,0.045
2015-02-04T16:00:00,0.0016666666666666668
2015-02-04T17:00:00,0.0033333333333333335
2015-02-04T18:00:00,0.0
2015-02-04T19:00:00,0.0
2015-02-04T20:00:00,0.0
2015-02-04T21:00:00,0.0
2015-02-04T22:00:00,0.0
2015-02-04T23:00:00,0.0
2015-02-05T00:00:00,0.0
2015-02-05T01:00:00,0.0
2015-02-05T02:00:00,0.0
2015-02-05T03:00:00,0.0
2015-02-05T04:00:00,0.0
2015-02-05T05:00:00,0.0
2015-02-05T06:00:00,0.0
2015-02-05T07:00:00,0.0
2015-02-05T08:00:00,0.0
2015-02-05T09:00:00,0.0
2015-02-05T10:00:00,0.0
2015-02-05T11:00:00,0.0
2015-02-05T12:00:00,0.015
2015-02-05T13:00:00,0.0
2015-02-05T14:00:00,0.016666666666666666
2015-02-05T15:00:00,0.06833333333333333
2015-02-05T16:00:00,0.07666666666666666
2015-02-05T17:00:00,0.09666666666666666
2015-02-05T18:00:00,0.11
2015-02-05T19:00:00,0.08666666666666667
2015-02-05T20:00:00,0.11833333333333333
2015-02-05T21:00:00,0.11
2015-02-05T22:00:00,0.13166666666666665
2015-02-05T23:00:00,0.12166666666666667
2015-02-06T00:00:00,0.09833333333333333
2015-02-06T01:00:00,0.09833333333333333
2015-02-06T02:00:00,0.08166666666666667
2015-02-06T03:00:00,0.058333333333333334
2015-02-06T04:00:00,0.04833333333333333
2015-02-06T05:00:00,0.056666666666666664
2015-02-06T06:00:00,0.10166666666666667
2015-02-06T07:00:00,0.06833333333333333
2015-02-06T08:00:00,0.051666666666666666
2015-02-06T09:00:00,0.0
2015-02-06T10:00:00,0.0
2015-02-06T11:00:00,0.0
2015-02-06T12:00:00,0.005
2015-02-06T13:00:00,0.0
2015-02-06T14:00:00,0.0
2015-02-06T15:00:00,0.0
2015-02-06T16:00:00,0.0
2015-02-06T17:00:00,0.0
2015-02-06T18:00:00,0.0
2015-02-06T19:00:00,0.0
2015-02-06T20:00:00,0.0
2015-02-06T21:00:00,0.0
2015-02-06T22:00:00,0.0
2015-02-06T23:00:00,0.0016666666666666668
2015-02-07T00:00:00,0.0016666666666666668
2015-02-07T01:00:00,0.005
2015-02-07T02:00:00,0.0033333333333333335
2015-02-07T03:00:00,0.013333333333333334
2015-02-07T04:00:00,0.005
2015-02-07T05:00:00,0.006666666666666667
2015-02-07T06:00:00,0.015
2015-02-07T07:00:00,0.045
2015-02-07T08:00:00,0.1
2015-02-07T09:00:00,0.115
2015-02-07T10:00:00,0.18666666666666668
2015-02-07T11:00:00,0.3416666666666667
2015-02-07T12:00:00,0.27166666666666667
2015-02-07T13:00:00,0.3466666666666667
2015-02-07T14:00:00,0.45
2015-02-07T15:00:00,0.6
2015-02-07T16:00:00,0.49833333333333335
2015-02-07T17:00:00,0.59
2015-02-07T18:00:00,0.5183333333333333
2015-02-07T19:00:00,0.7816666666666666
2015-02-07T20:00:00,0.8366666666666667
2015-02-07T21:00:00,0.795
2015-02-07T22:00:00,0.6816666666666666
2015-02-07T23:00:00,0.8316666666666667
2015-02-08T00:00:00,0.7883333333333333
2015-02-08T01:00:00,0.895
2015-02-08T02:00:00,0.8966666666666666
2015-02-08T03:00:00,0.7833333333333333
2015-02-08T04:00:00,0.6466666666666666
2015-02-08T05:00:00,0.6416666666666667
2015-02-08T06:00:00,0.63
2015-02-08T07:00:00,0.45
2015-02-08T08:00:00,0.52
2015-02-08T09:00:00,0.6216666666666667
2015-02-08T10:00:00,0.67
2015-02-08T11:00:00,0.7816666666666666
2015-02-08T12:00:00,0.6833333333333333
2015-02-08T13:00:00,0.8
2015-02-08T14:00:00,0.695
2015-02-08T15:00:00,0.5966666666666667
2015-02-08T16:00:00,0.2733333333333333
2015-02-08T17:00:00,0.17166666666666666
2015-02-08T18:00:00,0.25
2015-02-08T19:00:00,0.24666666666666667
2015-02-08T20:00:00,0.19666666666666666
2015-02-08T21:00:00,0.25166666666666665
2015-02-08T22:00:00,0.2833333333333333
2015-02-08T23:00:00,0.16833333333333333
2015-02-09T00:00:00,0.37666666666666665
2015-02-09T01:00:00,0.5583333333333333
2015-02-09T02:00:00,0.49
2015-02-09T03:00:00,0.415
2015-02-09T04:00:00,0.405
2015-02-09T05:00:00,0.5166666666666667
2015-02-09T06:00:00,0.4533333333333333
2015-02-09T07:00:00,0.4716666666666667
2015-02-09T08:00:00,0.37666666666666665
2015-02-09T09:00:00,0.3466666666666667
2015-02-09T10:00:00,0.355
2015-02-09T11:00:00,0.5283333333333333
2015-02-09T12:00:00,0.5833333333333334
2015-02-09T13:00:00,0.6233333333333333
2015-02-09T14:00:00,0.38333333333333336
2015-02-09T15:00:00,0.21833333333333332
2015-02-09T16:00:00,0.16833333333333333
2015-02-09T17:00:00,0.21833333333333332
2015-02-09T18:00:00,0.18833333333333332
2015-02-09T19:00:00,0.13166666666666665
2015-02-09T20:00:00,0.11
2015-02-09T21:00:00,0.125
2015-02-09T22:00:00,0.15666666666666668
2015-02-09T23:00:00,0.11
2015-02-10T00:00:00,0.09166666666666666
2015-02-10T01:00:00,0.11
2015-02-10T02:00:00,0.09833333333333333
2015-02-10T03:00:00,0.10166666666666667
2015-02-10T04:00:00,0.1
2015-02-10T05:00:00,0.06333333333333334
2015-02-10T06:00:00,0.07666666666666666
2015-02-10T07:00:00,0.03666666666666667
2015-02-10T08:00:00,0.10666666666666667
2015-02-10T09:00:00,0.225
2015-02-10T10:00:00,0.13833333333333334
2015-02-10T11:00:00,0.175
2015-02-10T12:00:00,0.165
2015-02-10T13:00:00,0.1
2015-02-10T14:00:00,0.09833333333333333
2015-02-10T15:00:00,0.058333333333333334
2015-02-10T16:00:00,0.03833333333333333
2015-02-10T17:00:00,0.05
2015-02-10T18:00:00,0.08166666666666667
2015-02-10T19:00:00,0.1
2015-02-10T20:00:00,0.045
2015-02-10T21:00:00,0.018333333333333333
2015-02-10T22:00:00,0.013333333333333334
2015-02-10T23:00:00,0.0
2015-02-11T00:00:00,0.0
2015-02-11T01:00:00,0.0
2015-02-11T02:00:00,0.0
2015-02-11T03:00:00,0.0
2015-02-11T04:00:00,0.0
2015-02-11T05:00:00,0.0
2015-02-11T06:00:00,0.0
2015-02-11T07:00:00,0.0
2015-02-11T08:00:00,0.0
2015-02-11T09:00:00,0.0
2015-02-11T10:00:00,0.0
2015-02-11T11:00:00,0.0
2015-02-11T12:00:00,0.0
2015-02-11T13:00:00,0.0
2015-02-11T14:00:00,0.0
2015-02-11T15:00:00,0.0
2015-02-11T16:00:00,0.0
2015-02-11T17:00:00,0.0016666666666666668
2015-02-11T18:00:00,0.0033333333333333335
2015-02-11T19:00:00,0.021666666666666667
2015-02-11T20:00:00,0.04
2015-02-11T21:00:00,0.04666666666666667
2015-02-11T22:00:00,0.041666666666666664
2015-02-11T23:00:00,0.045
2015-02-12T00:00:00,0.015
2015-02-12T01:00:00,0.03333333333333333
2015-02-12T02:00:00,0.005
2015-02-12T03:00:00,0.0
2015-02-12T04:00:00,0.0016666666666666668
2015-02-12T05:00:00,0.0
2015-02-12T06:00:00,0.0
2015-02-12T07:00:00,0.0016666666666666668
2015-02-12T08:00:00,0.0
2015-02-12T09:00:00,0.0
2015-02-12T10:00:00,0.0
2015-02-12T11:00:00,0.0
2015-02-12T12:00:00,0.0
2015-02-12T13:00:00,0.0
2015-02-12T14:00:00,0.0
2015-02-12T15:00:00,0.0
2015-02-12T16:00:00,0.0016666666666666668
2015-02-12T17:00:00,0.0
2015-02-12T18:00:00,0.0
2015-02-12T19:00:00,0.0
2015-02-12T20:00:00,0.0
2015-02-12T21:00:00,0.0
2015-02-12T22:00:00,0.0
2015-02-12T23:00:00,0.013333333333333334
2015-02-13T00:00:00,0.006666666666666667
2015-02-13T01:00:00,0.0
2015-02-13T02:00:00,0.0
2015-02-13T03:00:00,0.0
2015-02-13T04:00:00,0.0
2015-02-13T05:00:00,0.0
2015-02-13T06:00:00,0.0
2015-02-13T07:00:00,0.0
2015-02-13T08:00:00,0.0
2015-02-13T09:00:00,0.0016666666666666668
2015-02-13T10:00:00,0.0
2015-02-13T11:00:00,0.0
2015-02-13T12:00:00,0.0
2015-02-13T13:00:00,0.0
2015-02-13T14:00:00,0.0
2015-02-13T15:00:00,0.0
2015-02-13T16:00:00,0.006666666666666667
2015-02-13T17:00:00,0.051666666666666666
2015-02-13T18:00:00,0.06333333333333334
2015-02-13T19:00:00,0.10833333333333334
2015-02-13T20:00:00,0.125
2015-02-13T21:00:00,0.13166666666666665
2015-02-13T22:00:00,0.08333333333333333
2015-02-13T23:00:00,0.08833333333333333
2015-02-14T00:00:00,0.028333333333333332
2015-02-14T01:00:00,0.055
2015-02-14T02:00:00,0.07333333333333333
2015-02-14T03:00:00,0.043333333333333335
2015-02-14T04:00:00,0.0016666666666666668
2015-02-14T05:00:00,0.03833333333333333
2015-02-14T06:00:00,0.03333333333333333
2015-02-14T07:00:00,0.03166666666666667
2015-02-14T08:00:00,0.01
2015-02-14T09:00:00,0.0
2015-02-14T10:00:00,0.0
2015-02-14T11:00:00,0.0
2015-02-14T12:00:00,0.0
2015-02-14T13:00:00,0.0
2015-02-14T14:00:00,0.0
2015-02-14T15:00:00,0.0
2015-02-14T16:00:00,0.008333333333333333
2015-02-14T17:00:00,0.08333333333333333
2015-02-14T18:00:00,0.125
2015-02-14T19:00:00,0.056666666666666664
2015-02-14T20:00:00,0.09333333333333334
2015-02-14T21:00:00,0.08333333333333333
2015-02-14T22:00:00,0.07166666666666667
2015-02-14T23:00:00,0.07333333333333333
2015-02-15T00:00:00,0.09666666666666666
2015-02-15T01:00:00,0.08166666666666667
2015-02-15T02:00:00,0.09
2015-02-15T03:00:00,0.09
2015-02-15T04:00:00,0.11
2015-02-15T05:00:00,0.05333333333333334
2015-02-15T06:00:00,0.09166666666666666
2015-02-15T07:00:00,0.11
2015-02-15T08:00:00,0.051666666666666666
2015-02-15T09:00:00,0.04833333333333333
2015-02-15T10:00:00,0.01
2015-02-15T11:00:00,0.01
2015-02-15T12:00:00,0.03
2015-02-15T13:00:00,0.03833333333333333
2015-02-15T14:00:00,0.105
2015-02-15T15:00:00,0.11666666666666667
2015-02-15T16:00:00,0.115
2015-02-15T17:00:00,0.16666666666666666
2015-02-15T18:00:00,0.345
2015-02-15T19:00:00,0.345
2015-02-15T20:00:00,0.25833333333333336
2015-02-15T21:00:00,0.3016666666666667
2015-02-15T22:00:00,0.315
2015-02-15T23:00:00,0.355
2015-02-16T00:00:00,0.335
2015-02-16T01:00:00,0.35833333333333334
2015-02-16T02:00:00,0.6033333333333334
2015-02-16T03:00:00,0.43333333333333335
2015-02-16T04:00:00,0.345
2015-02-16T05:00:00,0.38666666666666666
2015-02-16T06:00:00,0.445
2015-02-16T07:00:00,0.48333333333333334
2015-02-16T08:00:00,0.5283333333333333
2015-02-16T09:00:00,0.4266666666666667
2015-02-16T10:00:00,0.4166666666666667
2015-02-16T11:00:00,0.305
2015-02-16T12:00:00,0.20833333333333334
2015-02-16T13:00:00,0.25
2015-02-16T14:00:00,0.24
2015-02-16T15:00:00,0.245
2015-02-16T16:00:00,0.275
2015-02-16T17:00:00,0.245
2015-02-16T18:00:00,0.345
2015-02-16T19:00:00,0.24833333333333332
2015-02-16T20:00:00,0.19333333333333333
2015-02-16T21:00:00,0.185
2015-02-16T22:00:00,0.11166666666666666
2015-02-16T23:00:00,0.12
2015-02-17T00:00:00,0.08333333333333333
2015-02-17T01:00:00,0.008333333333333333
2015-02-17T02:00:00,0.035
2015-02-17T03:00:00,0.041666666666666664
2015-02-17T04:00:00,0.03
2015-02-17T05:00:00,0.013333333333333334
2015-02-17T06:00:00,0.013333333333333334
2015-02-17T07:00:00,0.016666666666666666
2015-02-17T08:00:00,0.0
2015-02-17T09:00:00,0.0
2015-02-17T10:00:00,0.0
2015-02-17T11:00:00,0.0
2015-02-17T12:00:00,0.0
2015-02-17T13:00:00,0.0033333333333333335
2015-02-17T14:00:00,0.03166666666666667
2015-02-17T15:00:00,0.005
2015-02-17T16:00:00,0.03
2015-02-17T17:00:00,0.03833333333333333
2015-02-17T18:00:00,0.0
2015-02-17T19:00:00,0.0
2015-02-17T20:00:00,0.005
2015-02-17T21:00:00,0.0016666666666666668
2015-02-17T22:00:00,0.005
2015-02-17T23:00:00,0.028333333333333332
2015-02-18T00:00:00,0.01
2015-02-18T01:00:00,0.021666666666666667
2015-02-18T02:00:00,0.02666666666666667
2015-02-18T03:00:00,0.011666666666666667
2015-02-18T04:00:00,0.008333333333333333
2015-02-18T05:00:00,0.023333333333333334
2015-02-18T06:00:00,0.04
2015-02-18T07:00:00,0.015
2015-02-18T08:00:00,0.04
2015-02-18T09:00:00,0.06833333333333333
2015-02-18T10:00:00,0.02666666666666667
2015-02-18T11:00:00,0.03666666666666667
2015-02-18T12:00:00,0.04833333333333333
2015-02-18T13:00:00,0.05333333333333334
2015-02-18T14:00:00,0.08166666666666667
2015-02-18T15:00:00,0.12
2015-02-18T16:00:00,0.17
2015-02-18T17:00:00,0.145
2015-02-18T18:00:00,0.22666666666666666
2015-02-18T19:00:00,0.235
2015-02-18T20:00:00,0.12666666666666668
2015-02-18T21:00:00,0.12333333333333334
2015-02-18T22:00:00,0.16166666666666665
2015-02-18T23:00:00,0.135
2015-02-19T00:00:00,0.13833333333333334
2015-02-19T01:00:00,0.08166666666666667
2015-02-19T02:00:00,0.005
2015-02-19T03:00:00,0.051666666666666666
2015-02-19T04:00:00,0.04833333333333333
2015-02-19T05:00:00,0.065
2015-02-19T06:00:00,0.051666666666666666
2015-02-19T07:00:00,0.08833333333333333
2015-02-19T08:00:00,0.06833333333333333
2015-02-19T09:00:00,0.09
2015-02-19T10:00:00,0.085
2015-02-19T11:00:00,0.07166666666666667
2015-02-19T12:00:00,0.03166666666666667
2015-02-19T13:00:00,0.11333333333333333
2015-02-19T14:00:00,0.11666666666666667
2015-02-19T15:00:00,0.07166666666666667
2015-02-19T16:00:00,0.045
2015-02-19T17:00:00,0.04833333333333333
2015-02-19T18:00:00,0.07333333333333333
2015-02-19T19:00:00,0.055
2015-02-19T20:00:00,0.135
2015-02-19T21:00:00,0.14333333333333334
2015-02-19T22:00:00,0.13166666666666665
2015-02-19T23:00:00,0.12166666666666667
2015-02-20T00:00:00,0.10833333333333334
2015-02-20T01:00:00,0.10166666666666667
2015-02-20T02:00:00,0.09166666666666666
2015-02-20T03:00:00,0.08833333333333333
2015-02-20T04:00:00,0.07166666666666667
2015-02-20T05:00:00,0.09666666666666666
2015-02-20T06:00:00,0.07333333333333333
2015-02-20T07:00:00,0.08666666666666667
2015-02-20T08:00:00,0.105
2015-02-20T09:00:00,0.13
2015-02-20T10:00:00,0.16166666666666665
2015-02-20T11:00:00,0.4
2015-02-20T12:00:00,0.45
2015-02-20T13:00:00,0.41833333333333333
2015-02-20T14:00:00,0.23166666666666666
2015-02-20T15:00:00,0.14333333333333334
2015-02-20T16:00:00,0.12
2015-02-20T17:00:00,0.16666666666666666
2015-02-20T18:00:00,0.3
2015-02-20T19:00:00,0.26166666666666666
2015-02-20T20:00:00,0.15666666666666668
2015-02-20T21:00:00,0.16
2015-02-20T22:00:00,0.11
2015-02-20T23:00:00,0.24
2015-02-21T00:00:00,0.32666666666666666
2015-02-21T01:00:00,0.3433333333333333
2015-02-21T02:00:00,0.22666666666666666
2015-02-21T03:00:00,0.215
2015-02-21T04:00:00,0.235
2015-02-21T05:00:00,0.37833333333333335
2015-02-21T06:00:00,0.5416666666666666
2015-02-21T07:00:00,0.5833333333333334
2015-02-21T08:00:00,0.6866666666666666
2015-02-21T09:00:00,0.8066666666666666
2015-02-21T10:00:00,0.82
2015-02-21T11:00:00,0.8866666666666667
2015-02-21T12:00:00,0.8533333333333334
2015-02-21T13:00:00,0.8066666666666666
2015-02-21T14:00:00,0.6933333333333334
2015-02-21T15:00:00,0.37833333333333335
2015-02-21T16:00:00,0.13833333333333334
2015-02-21T17:00:00,0.15
2015-02-21T18:00:00,0.11
2015-02-21T19:00:00,0.11833333333333333
2015-02-21T20:00:00,0.095
2015-02-21T21:00:00,0.195
2015-02-21T22:00:00,0.14833333333333334
2015-02-21T23:00:00,0.07166666666666667
2015-02-22T00:00:00,0.07
2015-02-22T01:00:00,0.1
2015-02-22T02:00:00,0.085
2015-02-22T03:00:00,0.016666666666666666
2015-02-22T04:00:00,0.0033333333333333335
2015-02-22T05:00:00,0.03333333333333333
2015-02-22T06:00:00,0.03166666666666667
2015-02-22T07:00:00,0.025
2015-02-22T08:00:00,0.155
2015-02-22T09:00:00,0.041666666666666664
2015-02-22T10:00:00,0.15
2015-02-22T11:00:00,0.04833333333333333
2015-02-22T12:00:00,0.016666666666666666
2015-02-22T13:00:00,0.0016666666666666668
2015-02-22T14:00:00,0.023333333333333334
2015-02-22T15:00:00,0.041666666666666664
2015-02-22T16:00:00,0.06333333333333334
2015-02-22T17:00:00,0.16
2015-02-22T18:00:00,0.14666666666666667
2015-02-22T19:00:00,0.11833333333333333
2015-02-22T20:00:00,0.16
2015-02-22T21:00:00,0.13833333333333334
2015-02-22T22:00:00,0.21333333333333335
2015-02-22T23:00:00,0.305
2015-02-23T00:00:00,0.32
2015-02-23T01:00:00,0.555
2015-02-23T02:00:00,0.6466666666666666
2015-02-23T03:00:00,0.63
2015-02-23T04:00:00,0.49166666666666664
2015-02-23T05:00:00,0.39666666666666667
2015-02-23T06:00:00,0.6366666666666667
2015-02-23T07:00:00,0.6566666666666666
2015-02-23T08:00:00,0.785
2015-02-23T09:00:00,0.5516666666666666
2015-02-23T10:00:00,0.48833333333333334
2015-02-23T11:00:00,0.43666666666666665
2015-02-23T12:00:00,0.37666666666666665
2015-02-23T13:00:00,0.23833333333333334
2015-02-23T14:00:00,0.19
2015-02-23T15:00:00,0.11833333333333333
2015-02-23T16:00:00,0.13
2015-02-23T17:00:00,0.07166666666666667
2015-02-23T18:00:00,0.07
2015-02-23T19:00:00,0.06666666666666667
2015-02-23T20:00:00,0.06166666666666667
2015-02-23T21:00:00,0.265
2015-02-23T22:00:00,0.24666666666666667
2015-02-23T23:00:00,0.2733333333333333
2015-02-24T00:00:00,0.215
2015-02-24T01:00:00,0.23
2015-02-24T02:00:00,0.24833333333333332
2015-02-24T03:00:00,0.225
2015-02-24T04:00:00,0.16
2015-02-24T05:00:00,0.28
2015-02-24T06:00:00,0.2833333333333333
2015-02-24T07:00:00,0.265
2015-02-24T08:00:00,0.10833333333333334
2015-02-24T09:00:00,0.14833333333333334
2015-02-24T10:00:00,0.25666666666666665
2015-02-24T11:00:00,0.35
2015-02-24T12:00:00,0.49
2015-02-24T13:00:00,0.515
2015-02-24T14:00:00,0.46
2015-02-24T15:00:00,0.44333333333333336
2015-02-24T16:00:00,0.23166666666666666
2015-02-24T17:00:00,0.23333333333333334
2015-02-24T18:00:00,0.17166666666666666
2015-02-24T19:00:00,0.22
2015-02-24T20:00:00,0.33666666666666667
2015-02-24T21:00:00,0.175
2015-02-24T22:00:00,0.12333333333333334
2015-02-24T23:00:00,0.135
2015-02-25T00:00:00,0.15166666666666667
2015-02-25T01:00:00,0.12833333333333333
2015-02-25T02:00:00,0.09833333333333333
2015-02-25T03:00:00,0.09333333333333334
2015-02-25T04:00:00,0.095
2015-02-25T05:00:00,0.08333333333333333
2015-02-25T06:00:00,0.05333333333333334
2015-02-25T07:00:00,0.06333333333333334
2015-02-25T08:00:00,0.045
2015-02-25T09:00:00,0.041666666666666664
2015-02-25T10:00:00,0.045
2015-02-25T11:00:00,0.016666666666666666
2015-02-25T12:00:00,0.10166666666666667
2015-02-25T13:00:00,0.12833333333333333
2015-02-25T14:00:00,0.02666666666666667
2015-02-25T15:00:00,0.0016666666666666668
2015-02-25T16:00:00,0.0
2015-02-25T17:00:00,0.0
2015-02-25T18:00:00,0.0
2015-02-25T19:00:00,0.0
2015-02-25T20:00:00,0.0
2015-02-25T21:00:00,0.018333333333333333
2015-02-25T22:00:00,0.043333333333333335
2015-02-25T23:00:00,0.041666666666666664
2015-02-26T00:00:00,0.05
2015-02-26T01:00:00,0.041666666666666664
2015-02-26T02:00:00,0.03333333333333333
2015-02-26T03:00:00,0.023333333333333334
2015-02-26T04:00:00,0.06166666666666667
2015-02-26T05:00:00,0.07166666666666667
2015-02-26T06:00:00,0.04833333333333333
2015-02-26T07:00:00,0.04
2015-02-26T08:00:00,0.005
2015-02-26T09:00:00,0.01
2015-02-26T10:00:00,0.05333333333333334
2015-02-26T11:00:00,0.245
2015-02-26T12:00:00,0.27
2015-02-26T13:00:00,0.175
2015-02-26T14:00:00,0.16666666666666666
2015-02-26T15:00:00,0.14666666666666667
2015-02-26T16:00:00,0.12833333333333333
2015-02-26T17:00:00,0.22666666666666666
2015-02-26T18:00:00,0.31666666666666665
2015-02-26T19:00:00,0.3383333333333333
2015-02-26T20:00:00,0.3
2015-02-26T21:00:00,0.30333333333333334
2015-02-26T22:00:00,0.21833333333333332
2015-02-26T23:00:00,0.20666666666666667
2015-02-27T00:00:00,0.13
2015-02-27T01:00:00,0.15666666666666668
2015-02-27T02:00:00,0.125
2015-02-27T03:00:00,0.13666666666666666
2015-02-27T04:00:00,0.21833333333333332
2015-02-27T05:00:00,0.16833333333333333
2015-02-27T06:00:00,0.11166666666666666
2015-02-27T07:00:00,0.15833333333333333
2015-02-27T08:00:00,0.08166666666666667
2015-02-27T09:00:00,0.035
2015-02-27T10:00:00,0.023333333333333334
2015-02-27T11:00:00,0.025
2015-02-27T12:00:00,0.013333333333333334
2015-02-27T13:00:00,0.0
2015-02-27T14:00:00,0.006666666666666667
2015-02-27T15:00:00,0.028333333333333332
2015-02-27T16:00:00,0.095
2015-02-27T17:00:00,0.07333333333333333
2015-02-27T18:00:00,0.05
2015-02-27T19:00:00,0.1
2015-02-27T20:00:00,0.1
2015-02-27T21:00:00,0.14666666666666667
2015-02-27T22:00:00,0.195
2015-02-27T23:00:00,0.16
2015-02-28T00:00:00,0.12
2015-02-28T01:00:00,0.085
2015-02-28T02:00:00,0.08666666666666667
2015-02-28T03:00:00,0.16666666666666666
2015-02-28T04:00:00,0.155
2015-02-28T05:00:00,0.06333333333333334
2015-02-28T06:00:00,0.02
2015-02-28T07:00:00,0.041666666666666664
2015-02-28T08:00:00,0.018333333333333333
2015-02-28T09:00:00,0.025
2015-02-28T10:00:00,0.07666666666666666
2015-02-28T11:00:00,0.04833333333333333
2015-02-28T12:00:00,0.018333333333333333
2015-02-28T13:00:00,0.07166666666666667
2015-02-28T14:00:00,0.04
2015-02-28T15:00:00,0.09166666666666666
2015-02-28T16:00:00,0.065
2015-02-28T17:00:00,0.08666666666666667
2015-02-28T18:00:00,0.30666666666666664
2015-02-28T19:00:00,0.23
2015-02-28T20:00:00,0.18833333333333332
2015-02-28T21:00:00,0.205
2015-02-28T22:00:00,0.20333333333333334
2015-02-28T23:00:00,0.2
2015-03-01T00:00:00,0.13666666666666666
2015-03-01T01:00:00,0.31666666666666665
2015-03-01T02:00:00,0.41833333333333333
2015-03-01T03:00:00,0.3616666666666667
2015-03-01T04:00:00,0.425
2015-03-01T05:00:00,0.5233333333333333
2015-03-01T06:00:00,0.625
2015-03-01T07:00:00,0.73
2015-03-01T08:00:00,0.7433333333333333
2015-03-01T09:00:00,0.825
2015-03-01T10:00:00,0.7816666666666666
2015-03-01T11:00:00,0.81
2015-03-01T12:00:00,0.8183333333333334
2015-03-01T13:00:00,0.7566666666666667
2015-03-01T14:00:00,0.7583333333333333
2015-03-01T15:00:00,0.4633333333333333
2015-03-01T16:00:00,0.3433333333333333
2015-03-01T17:00:00,0.22833333333333333
2015-03-01T18:00:00,0.028333333333333332
2015-03-01T19:00:00,0.10833333333333334
2015-03-01T20:00:00,0.04833333333333333
2015-03-01T21:00:00,0.14166666666666666
2015-03-01T22:00:00,0.17833333333333334
2015-03-01T23:00:00,0.27166666666666667
2015-03-02T00:00:00,0.14
2015-03-02T01:00:00,0.235
2015-03-02T02:00:00,0.235
2015-03-02T03:00:00,0.2683333333333333
2015-03-02T04:00:00,0.5233333333333333
2015-03-02T05:00:00,0.7483333333333333
2015-03-02T06:00:00,0.6233333333333333
2015-03-02T07:00:00,0.8066666666666666
2015-03-02T08:00:00,0.9216666666666666
2015-03-02T09:00:00,0.9283333333333333
2015-03-02T10:00:00,0.895
2015-03-02T11:00:00,0.895
2015-03-02T12:00:00,0.8316666666666667
2015-03-02T13:00:00,0.86
2015-03-02T14:00:00,0.8716666666666667
2015-03-02T15:00:00,0.59
2015-03-02T16:00:00,0.42
2015-03-02T17:00:00,0.7833333333333333
2015-03-02T18:00:00,0.5833333333333334
2015-03-02T19:00:00,0.4866666666666667
2015-03-02T20:00:00,0.49333333333333335
2015-03-02T21:00:00,0.755
2015-03-02T22:00:00,0.3383333333333333
2015-03-02T23:00:00,0.48333333333333334
2015-03-03T00:00:00,0.5083333333333333
2015-03-03T01:00:00,0.555
2015-03-03T02:00:00,0.8266666666666667
2015-03-03T03:00:00,0.955
2015-03-03T04:00:00,0.9533333333333334
2015-03-03T05:00:00,0.8416666666666667
2015-03-03T06:00:00,0.5883333333333334
2015-03-03T07:00:00,0.565
2015-03-03T08:00:00,0.515
2015-03-03T09:00:00,0.62
2015-03-03T10:00:00,0.57
2015-03-03T11:00:00,0.54
2015-03-03T12:00:00,0.74
2015-03-03T13:00:00,0.6283333333333333
2015-03-03T14:00:00,0.16833333333333333
2015-03-03T15:00:00,0.125
2015-03-03T16:00:00,0.31333333333333335
2015-03-03T17:00:00,0.3333333333333333
2015-03-03T18:00:00,0.11833333333333333
2015-03-03T19:00:00,0.43166666666666664
2015-03-03T20:00:00,0.26
2015-03-03T21:00:00,0.395
2015-03-03T22:00:00,0.28833333333333333
2015-03-03T23:00:00,0.35833333333333334
2015-03-04T00:00:00,0.24666666666666667
2015-03-04T01:00:00,0.24833333333333332
2015-03-04T02:00:00,0.23
2015-03-04T03:00:00,0.17666666666666667
2015-03-04T04:00:00,0.21166666666666667
2015-03-04T05:00:00,0.30333333333333334
2015-03-04T06:00:00,0.31166666666666665
2015-03-04T07:00:00,0.18
2015-03-04T08:00:00,0.31166666666666665
2015-03-04T09:00:00,0.41833333333333333
2015-03-04T10:00:00,0.49166666666666664
2015-03-04T11:00:00,0.4666666666666667
2015-03-04T12:00:00,0.3233333333333333
2015-03-04T13:00:00,0.55
2015-03-04T14:00:00,0.5733333333333334
2015-03-04T15:00:00,0.355
2015-03-04T16:00:00,0.3933333333333333
2015-03-04T17:00:00,0.24666666666666667
2015-03-04T18:00:00,0.405
2015-03-04T19:00:00,0.22
2015-03-04T20:00:00,0.3016666666666667
2015-03-04T21:00:00,0.275
2015-03-04T22:00:00,0.18333333333333332
2015-03-04T23:00:00,0.22666666666666666
2015-03-05T00:00:00,0.12666666666666668
2015-03-05T01:00:00,0.18
2015-03-05T02:00:00,0.305
2015-03-05T03:00:00,0.295
2015-03-05T04:00:00,0.255
2015-03-05T05:00:00,0.21833333333333332
2015-03-05T06:00:00,0.23166666666666666
2015-03-05T07:00:00,0.17
2015-03-05T08:00:00,0.075
2015-03-05T09:00:00,0.07833333333333334
2015-03-05T10:00:00,0.145
2015-03-05T11:00:00,0.14
2015-03-05T12:00:00,0.13333333333333333
2015-03-05T13:00:00,0.135
2015-03-05T14:00:00,0.20166666666666666
2015-03-05T15:00:00,0.07
2015-03-05T16:00:00,0.08333333333333333
2015-03-05T17:00:00,0.10333333333333333
2015-03-05T18:00:00,0.056666666666666664
2015-03-05T19:00:00,0.06166666666666667
2015-03-05T20:00:00,0.06666666666666667
2015-03-05T21:00:00,0.035
2015-03-05T22:00:00,0.051666666666666666
2015-03-05T23:00:00,0.028333333333333332
2015-03-06T00:00:00,0.02666666666666667
2015-03-06T01:00:00,0.018333333333333333
2015-03-06T02:00:00,0.04666666666666667
2015-03-06T03:00:00,0.05333333333333334
2015-03-06T04:00:00,0.07333333333333333
2015-03-06T05:00:00,0.11833333333333333
2015-03-06T06:00:00,0.11666666666666667
2015-03-06T07:00:00,0.13666666666666666
2015-03-06T08:00:00,0.09166666666666666
2015-03-06T09:00:00,0.09166666666666666
2015-03-06T10:00:00,0.09666666666666666
2015-03-06T11:00:00,0.14166666666666666
2015-03-06T12:00:00,0.15666666666666668
2015-03-06T13:00:00,0.18166666666666667
2015-03-06T14:00:00,0.16666666666666666
2015-03-06T15:00:00,0.11833333333333333
2015-03-06T16:00:00,0.1
2015-03-06T17:00:00,0.075
2015-03-06T18:00:00,0.055
2015-03-06T19:00:00,0.035
2015-03-06T20:00:00,0.07666666666666666
2015-03-06T21:00:00,0.07166666666666667
2015-03-06T22:00:00,0.05
2015-03-06T23:00:00,0.10666666666666667
2015-03-07T00:00:00,0.13833333333333334
2015-03-07T01:00:00,0.11166666666666666
2015-03-07T02:00:00,0.14
2015-03-07T03:00:00,0.17833333333333334
2015-03-07T04:00:00,0.24
2015-03-07T05:00:00,0.19833333333333333
2015-03-07T06:00:00,0.28
2015-03-07T07:00:00,0.27166666666666667
2015-03-07T08:00:00,0.14333333333333334
2015-03-07T09:00:00,0.11333333333333333
2015-03-07T10:00:00,0.14833333333333334
2015-03-07T11:00:00,0.18833333333333332
2015-03-07T12:00:00,0.20833333333333334
2015-03-07T13:00:00,0.23833333333333334
2015-03-07T14:00:00,0.19
2015-03-07T15:00:00,0.26
2015-03-07T16:00:00,0.20166666666666666
2015-03-07T17:00:00,0.26166666666666666
2015-03-07T18:00:00,0.305
2015-03-07T19:00:00,0.195
2015-03-07T20:00:00,0.13833333333333334
2015-03-07T21:00:00,0.14
2015-03-07T22:00:00,0.14666666666666667
2015-03-07T23:00:00,0.19833333333333333
2015-03-08T00:00:00,0.15666666666666668
2015-03-08T01:00:00,0.16
2015-03-08T02:00:00,0.125
2015-03-08T03:00:00,0.14833333333333334
2015-03-08T04:00:00,0.11666666666666667
2015-03-08T05:00:00,0.09666666666666666
2015-03-08T06:00:00,0.11666666666666667
2015-03-08T07:00:00,0.06166666666666667
2015-03-08T08:00:00,0.021666666666666667
2015-03-08T09:00:00,0.05333333333333334
2015-03-08T10:00:00,0.045
2015-03-08T11:00:00,0.18
2015-03-08T12:00:00,0.17666666666666667
2015-03-08T13:00:00,0.11666666666666667
2015-03-08T14:00:00,0.125
2015-03-08T15:00:00,0.08666666666666667
2015-03-08T16:00:00,0.09333333333333334
2015-03-08T17:00:00,0.21666666666666667
2015-03-08T18:00:00,0.17333333333333334
2015-03-08T19:00:00,0.2833333333333333
2015-03-08T20:00:00,0.265
2015-03-08T21:00:00,0.23
2015-03-08T22:00:00,0.15833333333333333
2015-03-08T23:00:00,0.09
2015-03-09T00:00:00,0.09833333333333333
2015-03-09T01:00:00,0.10666666666666667
2015-03-09T02:00:00,0.06333333333333334
2015-03-09T03:00:00,0.15333333333333332
2015-03-09T04:00:00,0.11833333333333333
2015-03-09T05:00:00,0.03833333333333333
2015-03-09T06:00:00,0.023333333333333334
2015-03-09T07:00:00,0.08
2015-03-09T08:00:00,0.041666666666666664
2015-03-09T09:00:00,0.01
2015-03-09T10:00:00,0.02
2015-03-09T11:00:00,0.0
2015-03-09T12:00:00,0.0
2015-03-09T13:00:00,0.0
2015-03-09T14:00:00,0.0
2015-03-09T15:00:00,0.0
2015-03-09T16:00:00,0.0
2015-03-09T17:00:00,0.0033333333333333335
2015-03-09T18:00:00,0.03333333333333333
2015-03-09T19:00:00,0.041666666666666664
2015-03-09T20:00:00,0.06833333333333333
2015-03-09T21:00:00,0.13
2015-03-09T22:00:00,0.18833333333333332
2015-03-09T23:00:00,0.14166666666666666
2015-03-10T00:00:00,0.13666666666666666
2015-03-10T01:00:00,0.09166666666666666
2015-03-10T02:00:00,0.17
2015-03-10T03:00:00,0.16833333333333333
2015-03-10T04:00:00,0.12666666666666668
2015-03-10T05:00:00,0.09
2015-03-10T06:00:00,0.051666666666666666
2015-03-10T07:00:00,0.03166666666666667
2015-03-10T08:00:00,0.011666666666666667
2015-03-10T09:00:00,0.013333333333333334
2015-03-10T10:00:00,0.03666666666666667
2015-03-10T11:00:00,0.013333333333333334
2015-03-10T12:00:00,0.0033333333333333335
2015-03-10T13:00:00,0.02
2015-03-10T14:00:00,0.025
2015-03-10T15:00:00,0.0033333333333333335
2015-03-10T16:00:00,0.0
2015-03-10T17:00:00,0.02
2015-03-10T18:00:00,0.08833333333333333
2015-03-10T19:00:00,0.14666666666666667
2015-03-10T20:00:00,0.20333333333333334
2015-03-10T21:00:00,0.235
2015-03-10T22:00:00,0.315
2015-03-10T23:00:00,0.21833333333333332
2015-03-11T00:00:00,0.18333333333333332
2015-03-11T01:00:00,0.075
2015-03-11T02:00:00,0.08333333333333333
2015-03-11T03:00:00,0.10833333333333334
2015-03-11T04:00:00,0.12833333333333333
2015-03-11T05:00:00,0.125
2015-03-11T06:00:00,0.11333333333333333
2015-03-11T07:00:00,0.16
2015-03-11T08:00:00,0.21
2015-03-11T09:00:00,0.13
2015-03-11T10:00:00,0.16
2015-03-11T11:00:00,0.195
2015-03-11T12:00:00,0.235
2015-03-11T13:00:00,0.2
2015-03-11T14:00:00,0.22
2015-03-11T15:00:00,0.23666666666666666
2015-03-11T16:00:00,0.14
2015-03-11T17:00:00,0.21
2015-03-11T18:00:00,0.265
2015-03-11T19:00:00,0.21166666666666667
2015-03-11T20:00:00,0.14333333333333334
2015-03-11T21:00:00,0.09666666666666666
2015-03-11T22:00:00,0.17166666666666666
2015-03-11T23:00:00,0.10833333333333334
2015-03-12T00:00:00,0.03
2015-03-12T01:00:00,0.0016666666666666668
2015-03-12T02:00:00,0.02666666666666667
2015-03-12T03:00:00,0.013333333333333334
2015-03-12T04:00:00,0.023333333333333334
2015-03-12T05:00:00,0.0033333333333333335
2015-03-12T06:00:00,0.015
2015-03-12T07:00:00,0.03333333333333333
2015-03-12T08:00:00,0.021666666666666667
2015-03-12T09:00:00,0.0033333333333333335
2015-03-12T10:00:00,0.016666666666666666
2015-03-12T11:00:00,0.023333333333333334
2015-03-12T12:00:00,0.03333333333333333
2015-03-12T13:00:00,0.035
2015-03-12T14:00:00,0.058333333333333334
2015-03-12T15:00:00,0.10666666666666667
2015-03-12T16:00:00,0.11
2015-03-12T17:00:00,0.04666666666666667
2015-03-12T18:00:00,0.005
2015-03-12T19:00:00,0.023333333333333334
2015-03-12T20:00:00,0.03666666666666667
2015-03-12T21:00:00,0.06666666666666667
2015-03-12T22:00:00,0.035
2015-03-12T23:00:00,0.03
2015-03-13T00:00:00,0.065
2015-03-13T01:00:00,0.10833333333333334
2015-03-13T02:00:00,0.03833333333333333
2015-03-13T03:00:00,0.0016666666666666668
2015-03-13T04:00:00,0.045
2015-03-13T05:00:00,0.018333333333333333
2015-03-13T06:00:00,0.005
2015-03-13T07:00:00,0.0
2015-03-13T08:00:00,0.0016666666666666668
2015-03-13T09:00:00,0.01
2015-03-13T10:00:00,0.0016666666666666668
2015-03-13T11:00:00,0.0016666666666666668
2015-03-13T12:00:00,0.016666666666666666
2015-03-13T13:00:00,0.025
2015-03-13T14:00:00,0.018333333333333333
2015-03-13T15:00:00,0.0016666666666666668
2015-03-13T16:00:00,0.0
2015-03-13T17:00:00,0.0
2015-03-13T18:00:00,0.0
2015-03-13T19:00:00,0.14166666666666666
2015-03-13T20:00:00,0.10666666666666667
2015-03-13T21:00:00,0.03333333333333333
2015-03-13T22:00:00,0.04
2015-03-13T23:00:00,0.06
2015-03-14T00:00:00,0.016666666666666666
2015-03-14T01:00:00,0.02
2015-03-14T02:00:00,0.05333333333333334
2015-03-14T03:00:00,0.08666666666666667
2015-03-14T04:00:00,0.016666666666666666
2015-03-14T05:00:00,0.06833333333333333
2015-03-14T06:00:00,0.10166666666666667
2015-03-14T07:00:00,0.11333333333333333
2015-03-14T08:00:00,0.10833333333333334
2015-03-14T09:00:00,0.09333333333333334
2015-03-14T10:00:00,0.11833333333333333
2015-03-14T11:00:00,0.07666666666666666
2015-03-14T12:00:00,0.06
2015-03-14T13:00:00,0.09666666666666666
2015-03-14T14:00:00,0.06
2015-03-14T15:00:00,0.085
2015-03-14T16:00:00,0.04833333333333333
2015-03-14T17:00:00,0.056666666666666664
2015-03-14T18:00:00,0.07166666666666667
2015-03-14T19:00:00,0.051666666666666666
2015-03-14T20:00:00,0.023333333333333334
2015-03-14T21:00:00,0.04
2015-03-14T22:00:00,0.07166666666666667
2015-03-14T23:00:00,0.11166666666666666
2015-03-15T00:00:00,0.10833333333333334
2015-03-15T01:00:00,0.07833333333333334
2015-03-15T02:00:00,0.08333333333333333
2015-03-15T03:00:00,0.11166666666666666
2015-03-15T04:00:00,0.11166666666666666
2015-03-15T05:00:00,0.12
2015-03-15T06:00:00,0.16333333333333333
2015-03-15T07:00:00,0.16666666666666666
2015-03-15T08:00:00,0.165
2015-03-15T09:00:00,0.125
2015-03-15T10:00:00,0.11166666666666666
2015-03-15T11:00:00,0.09333333333333334
2015-03-15T12:00:00,0.21666666666666667
2015-03-15T13:00:00,0.145
2015-03-15T14:00:00,0.17166666666666666
2015-03-15T15:00:00,0.17833333333333334
2015-03-15T16:00:00,0.17333333333333334
2015-03-15T17:00:00,0.22166666666666668
2015-03-15T18:00:00,0.2916666666666667
2015-03-15T19:00:00,0.30333333333333334
2015-03-15T20:00:00,0.37333333333333335
2015-03-15T21:00:00,0.25833333333333336
2015-03-15T22:00:00,0.265
2015-03-15T23:00:00,0.38
2015-03-16T00:00:00,0.4033333333333333
2015-03-16T01:00:00,0.43833333333333335
2015-03-16T02:00:00,0.45666666666666667
2015-03-16T03:00:00,0.33166666666666667
2015-03-16T04:00:00,0.45666666666666667
2015-03-16T05:00:00,0.47833333333333333
2015-03-16T06:00:00,0.385
2015-03-16T07:00:00,0.29
2015-03-16T08:00:00,0.5466666666666666
2015-03-16T09:00:00,0.5966666666666667
2015-03-16T10:00:00,0.6483333333333333
2015-03-16T11:00:00,0.625
2015-03-16T12:00:00,0.7166666666666667
2015-03-16T13:00:00,0.545
2015-03-16T14:00:00,0.6466666666666666
2015-03-16T15:00:00,0.5483333333333333
2015-03-16T16:00:00,0.4166666666666667
2015-03-16T17:00:00,0.43833333333333335
2015-03-16T18:00:00,0.41333333333333333
2015-03-16T19:00:00,0.4083333333333333
2015-03-16T20:00:00,0.315
2015-03-16T21:00:00,0.235
2015-03-16T22:00:00,0.2633333333333333
2015-03-16T23:00:00,0.24166666666666667
2015-03-17T00:00:00,0.19166666666666668
2015-03-17T01:00:00,0.15333333333333332
2015-03-17T02:00:00,0.08333333333333333
2015-03-17T03:00:00,0.16833333333333333
2015-03-17T04:00:00,0.17333333333333334
2015-03-17T05:00:00,0.16333333333333333
2015-03-17T06:00:00,0.15166666666666667
2015-03-17T07:00:00,0.13
2015-03-17T08:00:00,0.09666666666666666
2015-03-17T09:00:00,0.10166666666666667
2015-03-17T10:00:00,0.10833333333333334
2015-03-17T11:00:00,0.14333333333333334
2015-03-17T12:00:00,0.265
2015-03-17T13:00:00,0.26
2015-03-17T14:00:00,0.16333333333333333
2015-03-17T15:00:00,0.08333333333333333
2015-03-17T16:00:00,0.04666666666666667
2015-03-17T17:00:00,0.1
2015-03-17T18:00:00,0.13166666666666665
2015-03-17T19:00:00,0.09666666666666666
2015-03-17T20:00:00,0.17166666666666666
2015-03-17T21:00:00,0.13333333333333333
2015-03-17T22:00:00,0.1
2015-03-17T23:00:00,0.14166666666666666
2015-03-18T00:00:00,0.13833333333333334
2015-03-18T01:00:00,0.13833333333333334
2015-03-18T02:00:00,0.19166666666666668
2015-03-18T03:00:00,0.23666666666666666
2015-03-18T04:00:00,0.21
2015-03-18T05:00:00,0.21166666666666667
2015-03-18T06:00:00,0.19666666666666666
2015-03-18T07:00:00,0.18833333333333332
2015-03-18T08:00:00,0.10833333333333334
2015-03-18T09:00:00,0.041666666666666664
2015-03-18T10:00:00,0.06666666666666667
2015-03-18T11:00:00,0.09666666666666666
2015-03-18T12:00:00,0.07666666666666666
2015-03-18T13:00:00,0.13166666666666665
2015-03-18T14:00:00,0.105
2015-03-18T15:00:00,0.065
2015-03-18T16:00:00,0.10666666666666667
2015-03-18T17:00:00,0.12333333333333334
2015-03-18T18:00:00,0.10333333333333333
2015-03-18T19:00:00,0.25833333333333336
2015-03-18T20:00:00,0.22333333333333333
2015-03-18T21:00:00,0.115
2015-03-18T22:00:00,0.09
2015-03-18T23:00:00,0.12333333333333334
2015-03-19T00:00:00,0.095
2015-03-19T01:00:00,0.07666666666666666
2015-03-19T02:00:00,0.11
2015-03-19T03:00:00,0.06
2015-03-19T04:00:00,0.05333333333333334
2015-03-19T05:00:00,0.08
2015-03-19T06:00:00,0.06166666666666667
2015-03-19T07:00:00,0.043333333333333335
2015-03-19T08:00:00,0.005
2015-03-19T09:00:00,0.0
2015-03-19T10:00:00,0.025
2015-03-19T11:00:00,0.02666666666666667
2015-03-19T12:00:00,0.03166666666666667
2015-03-19T13:00:00,0.006666666666666667
2015-03-19T14:00:00,0.0016666666666666668
2015-03-19T15:00:00,0.0
2015-03-19T16:00:00,0.0
2015-03-19T17:00:00,0.0
2015-03-19T18:00:00,0.0
2015-03-19T19:00:00,0.0
2015-03-19T20:00:00,0.0
2015-03-19T21:00:00,0.0
2015-03-19T22:00:00,0.0
2015-03-19T23:00:00,0.0
2015-03-20T00:00:00,0.0
2015-03-20T01:00:00,0.0
2015-03-20T02:00:00,0.0
2015-03-20T03:00:00,0.0
2015-03-20T04:00:00,0.0
2015-03-20T05:00:00,0.0
2015-03-20T06:00:00,0.0
2015-03-20T07:00:00,0.0
2015-03-20T08:00:00,0.0
2015-03-20T09:00:00,0.0
2015-03-20T10:00:00,0.0
2015-03-20T11:00:00,0.0
2015-03-20T12:00:00,0.0
2015-03-20T13:00:00,0.0016666666666666668
2015-03-20T14:00:00,0.015
2015-03-20T15:00:00,0.01
2015-03-20T16:00:00,0.015
2015-03-20T17:00:00,0.0
2015-03-20T18:00:00,0.006666666666666667
2015-03-20T19:00:00,0.15166666666666667
2015-03-20T20:00:00,0.18166666666666667
2015-03-20T21:00:00,0.07833333333333334
2015-03-20T22:00:00,0.006666666666666667
2015-03-20T23:00:00,0.085
2015-03-21T00:00:00,0.07666666666666666
2015-03-21T01:00:00,0.04666666666666667
2015-03-21T02:00:00,0.013333333333333334
2015-03-21T03:00:00,0.035
2015-03-21T04:00:00,0.095
2015-03-21T05:00:00,0.07333333333333333
2015-03-21T06:00:00,0.06666666666666667
2015-03-21T07:00:00,0.04666666666666667
2015-03-21T08:00:00,0.056666666666666664
2015-03-21T09:00:00,0.04666666666666667
2015-03-21T10:00:00,0.035
2015-03-21T11:00:00,0.028333333333333332
2015-03-21T12:00:00,0.0033333333333333335
2015-03-21T13:00:00,0.0
2015-03-21T14:00:00,0.0
2015-03-21T15:00:00,0.0
2015-03-21T16:00:00,0.01
2015-03-21T17:00:00,0.028333333333333332
2015-03-21T18:00:00,0.08666666666666667
2015-03-21T19:00:00,0.18
2015-03-21T20:00:00,0.32166666666666666
2015-03-21T21:00:00,0.51
2015-03-21T22:00:00,0.6533333333333333
2015-03-21T23:00:00,0.6983333333333334
2015-03-22T00:00:00,0.42833333333333334
2015-03-22T01:00:00,0.06833333333333333
2015-03-22T02:00:00,0.6066666666666667
2015-03-22T03:00:00,0.4033333333333333
2015-03-22T04:00:00,0.31333333333333335
2015-03-22T05:00:00,0.16166666666666665
2015-03-22T06:00:00,0.15166666666666667
2015-03-22T07:00:00,0.2633333333333333
2015-03-22T08:00:00,0.31
2015-03-22T09:00:00,0.29333333333333333
2015-03-22T10:00:00,0.105
2015-03-22T11:00:00,0.065
2015-03-22T12:00:00,0.03333333333333333
2015-03-22T13:00:00,0.015
2015-03-22T14:00:00,0.011666666666666667
2015-03-22T15:00:00,0.0
2015-03-22T16:00:00,0.0
2015-03-22T17:00:00,0.0
2015-03-22T18:00:00,0.0
2015-03-22T19:00:00,0.005
2015-03-22T20:00:00,0.02
2015-03-22T21:00:00,0.04
2015-03-22T22:00:00,0.105
2015-03-22T23:00:00,0.07666666666666666
2015-03-23T00:00:00,0.04833333333333333
2015-03-23T01:00:00,0.005
2015-03-23T02:00:00,0.0
2015-03-23T03:00:00,0.0016666666666666668
2015-03-23T04:00:00,0.0
2015-03-23T05:00:00,0.03166666666666667
2015-03-23T06:00:00,0.051666666666666666
2015-03-23T07:00:00,0.008333333333333333
2015-03-23T08:00:00,0.016666666666666666
2015-03-23T09:00:00,0.006666666666666667
2015-03-23T10:00:00,0.0
2015-03-23T11:00:00,0.008333333333333333
2015-03-23T12:00:00,0.011666666666666667
2015-03-23T13:00:00,0.03166666666666667
2015-03-23T14:00:00,0.025
2015-03-23T15:00:00,0.006666666666666667
2015-03-23T16:00:00,0.018333333333333333
2015-03-25T07:00:00,0.0016666666666666668
2015-03-25T08:00:00,0.0
2015-03-25T09:00:00,0.016666666666666666
2015-03-25T10:00:00,0.05
2015-03-25T11:00:00,0.043333333333333335
2015-03-25T12:00:00,0.03
2015-03-25T13:00:00,0.023333333333333334
2015-03-25T14:00:00,0.05
2015-03-25T15:00:00,0.11
2015-03-25T16:00:00,0.10166666666666667
2015-03-25T17:00:00,0.07
2015-03-25T18:00:00,0.051666666666666666
2015-03-25T19:00:00,0.14166666666666666
2015-03-25T20:00:00,0.165
2015-03-25T21:00:00,0.225
2015-03-25T22:00:00,0.19333333333333333
2015-03-25T23:00:00,0.16166666666666665
2015-03-26T00:00:00,0.1
2015-03-26T01:00:00,0.011666666666666667
2015-03-26T02:00:00,0.14166666666666666
2015-03-26T03:00:00,0.17333333333333334
2015-03-26T04:00:00,0.14
2015-03-26T05:00:00,0.23
2015-03-26T06:00:00,0.15166666666666667
2015-03-26T07:00:00,0.135
2015-03-26T08:00:00,0.09333333333333334
2015-03-26T09:00:00,0.11
2015-03-26T10:00:00,0.11166666666666666
2015-03-26T11:00:00,0.145
2015-03-26T12:00:00,0.10833333333333334
2015-03-26T13:00:00,0.04666666666666667
2015-03-26T14:00:00,0.028333333333333332
2015-03-26T15:00:00,0.008333333333333333
2015-03-26T16:00:00,0.0
2015-03-26T17:00:00,0.0
2015-03-26T18:00:00,0.0
2015-03-26T19:00:00,0.0
2015-03-26T20:00:00,0.0
2015-03-26T21:00:00,0.0
2015-03-26T22:00:00,0.0016666666666666668
2015-03-26T23:00:00,0.01
2015-03-27T00:00:00,0.04
2015-03-27T01:00:00,0.018333333333333333
2015-03-27T02:00:00,0.006666666666666667
2015-03-27T03:00:00,0.04
2015-03-27T04:00:00,0.051666666666666666
2015-03-27T05:00:00,0.09166666666666666
2015-03-27T06:00:00,0.06333333333333334
2015-03-27T07:00:00,0.07833333333333334
2015-03-27T08:00:00,0.09833333333333333
2015-03-27T09:00:00,0.115
2015-03-27T10:00:00,0.14666666666666667
2015-03-27T11:00:00,0.09166666666666666
2015-03-27T12:00:00,0.27
2015-03-27T13:00:00,0.26
2015-03-27T14:00:00,0.44333333333333336
2015-03-27T15:00:00,0.37333333333333335
2015-03-27T16:00:00,0.325
2015-03-27T17:00:00,0.225
2015-03-27T18:00:00,0.22166666666666668
2015-03-27T19:00:00,0.23666666666666666
2015-03-27T20:00:00,0.23
2015-03-27T21:00:00,0.29
2015-03-27T22:00:00,0.2816666666666667
2015-03-27T23:00:00,0.145
2015-03-28T00:00:00,0.255
2015-03-28T01:00:00,0.26
2015-03-28T02:00:00,0.2833333333333333
2015-03-28T03:00:00,0.24666666666666667
2015-03-28T04:00:00,0.09166666666666666
2015-03-28T05:00:00,0.058333333333333334
2015-03-28T06:00:00,0.015
2015-03-28T07:00:00,0.0
2015-03-28T08:00:00,0.0
2015-03-28T09:00:00,0.0016666666666666668
2015-03-28T10:00:00,0.0
2015-03-28T11:00:00,0.0033333333333333335
2015-03-28T12:00:00,0.0
2015-03-28T13:00:00,0.1
2015-03-28T14:00:00,0.09833333333333333
2015-03-28T15:00:00,0.12166666666666667
2015-03-28T16:00:00,0.08833333333333333
2015-03-28T17:00:00,0.11
2015-03-28T18:00:00,0.21833333333333332
2015-03-28T19:00:00,0.2
2015-03-28T20:00:00,0.13666666666666666
2015-03-28T21:00:00,0.24333333333333335
2015-03-28T22:00:00,0.25166666666666665
2015-03-28T23:00:00,0.175
2015-03-29T00:00:00,0.4166666666666667
2015-03-29T01:00:00,0.35833333333333334
