2015-01-01T03:00:00,0.4271470344604536
2015-01-01T04:00:00,0.42753129237604426
2015-01-01T05:00:00,0.42791555029163514
2015-01-01T06:00:00,0.42829980820722596
2015-01-01T07:00:00,0.42738527999154613
2015-01-01T08:00:00,0.4264707517758662
2015-01-01T09:00:00,0.4255562235601864
2015-01-01T10:00:00,0.442944596046719
2015-01-01T11:00:00,0.4603329685332516
2015-01-01T12:00:00,0.4777213410197839
2015-01-01T13:00:00,0.4653018286650357
2015-01-01T14:00:00,0.4528823163102873
2015-01-01T15:00:00,0.440462803955539
2015-01-01T16:00:00,0.4341532447323601
2015-01-01T17:00:00,0.4278436855091813
2015-01-01T18:00:00,0.42153412628600223
2015-01-01T19:00:00,0.43273208401440105
2015-01-01T20:00:00,0.44393004174279965
2015-01-01T21:00:00,0.45512799947119825
2015-01-01T22:00:00,0.4797172440248891
2015-01-01T23:00:00,0.5043064885785795
2015-01-02T00:00:00,0.5603749946305993
2015-01-02T01:00:00,0.5867710106926217
2015-01-02T02:00:00,0.613167026754644
2015-01-02T03:00:00,0.6395630428166662
2015-01-02T04:00:00,0.6496835508138729
2015-01-02T05:00:00,0.6598040588110795
2015-01-02T06:00:00,0.6699245668082858
2015-01-02T07:00:00,0.6920566336847196
2015-01-02T08:00:00,0.7141887005611535
2015-01-02T09:00:00,0.7363207674375875
2015-01-02T10:00:00,0.729995077067281
2015-01-02T11:00:00,0.7236693866969742
2015-01-02T12:00:00,0.7173436963266678
2015-01-02T13:00:00,0.7051913662913006
2015-01-02T14:00:00,0.6930390362559331
2015-01-02T15:00:00,0.680886706220566
2015-01-02T16:00:00,0.6886930938448982
2015-01-02T17:00:00,0.6964994814692305
2015-01-02T18:00:00,0.7043058690935625
2015-01-02T19:00:00,0.7055825113868318
2015-01-02T20:00:00,0.7068591536801008
2015-01-02T21:00:00,0.7081357959733696
2015-01-02T22:00:00,0.705397816478279
2015-01-02T23:00:00,0.7026598369831882
2015-01-03T00:00:00,0.706613775122065
2015-01-03T01:00:00,0.7101282310659084
2015-01-03T02:00:00,0.7136426870097519
2015-01-03T03:00:00,0.7171571429535955
2015-01-03T04:00:00,0.7112962060120288
2015-01-03T05:00:00,0.7054352690704626
2015-01-03T06:00:00,0.6995743321288961
2015-01-03T07:00:00,0.7164934891106551
2015-01-03T08:00:00,0.733412646092414
2015-01-03T09:00:00,0.750331803074173
2015-01-03T10:00:00,0.7216242861759659
2015-01-03T11:00:00,0.6929167692777587
2015-01-03T12:00:00,0.6642092523795515
2015-01-03T13:00:00,0.6440227731040533
2015-01-03T14:00:00,0.623836293828555
2015-01-03T15:00:00,0.6036498145530566
2015-01-03T16:00:00,0.5793785071007311
2015-01-03T17:00:00,0.5551071996484055
2015-01-03T18:00:00,0.5308358921960801
2015-01-03T19:00:00,0.5163767583698083
2015-01-03T20:00:00,0.5019176245435363
2015-01-03T21:00:00,0.48745849071726455
2015-01-03T22:00:00,0.5054372136764507
2015-01-03T23:00:00,0.5234159366356368
2015-01-04T00:00:00,0.6216545993932395
2015-01-04T01:00:00,0.6257352448780537
2015-01-04T02:00:00,0.629815890362868
2015-01-04T03:00:00,0.6338965358476822
2015-01-04T04:00:00,0.62425006137853
2015-01-04T05:00:00,0.6146035869093774
2015-01-04T06:00:00,0.604957112440225
2015-01-04T07:00:00,0.5970872782444355
2015-01-04T08:00:00,0.5892174440486461
2015-01-04T09:00:00,0.5813476098528564
2015-01-04T10:00:00,0.5810168225302946
2015-01-04T11:00:00,0.5806860352077332
2015-01-04T12:00:00,0.5803552478851711
2015-01-04T13:00:00,0.573027209827309
2015-01-04T14:00:00,0.5656991717694467
2015-01-04T15:00:00,0.5583711337115843
2015-01-04T16:00:00,0.5625069946891789
2015-01-04T17:00:00,0.5666428556667737
2015-01-04T18:00:00,0.5707787166443683
2015-01-04T19:00:00,0.5626250146815915
2015-01-04T20:00:00,0.5544713127188143
2015-01-04T21:00:00,0.5463176107560372
2015-01-04T22:00:00,0.5209506278373596
2015-01-04T23:00:00,0.4955836449186814
2015-01-05T00:00:00,0.4681748535388939
2015-01-05T01:00:00,0.4885716311847735
2015-01-05T02:00:00,0.5089684088306531
2015-01-05T03:00:00,0.5293651864765327
2015-01-05T04:00:00,0.5372657537241088
2015-01-05T05:00:00,0.5451663209716847
2015-01-05T06:00:00,0.5530668882192606
2015-01-05T07:00:00,0.5495093115013282
2015-01-05T08:00:00,0.5459517347833958
2015-01-05T09:00:00,0.5423941580654632
2015-01-05T10:00:00,0.5249271752229471
2015-01-05T11:00:00,0.5074601923804306
2015-01-05T12:00:00,0.48999320953791436
2015-01-05T13:00:00,0.48550059412544516
2015-01-05T14:00:00,0.48100797871297585
2015-01-05T15:00:00,0.47651536330050653
2015-01-05T16:00:00,0.45209855557749673
2015-01-05T17:00:00,0.4276817478544869
2015-01-05T18:00:00,0.4032649401314773
2015-01-05T19:00:00,0.37604245703816314
2015-01-05T20:00:00,0.348819973944849
2015-01-05T21:00:00,0.32159749085153466
2015-01-05T22:00:00,0.2915644778106639
2015-01-05T23:00:00,0.2615314647697931
2015-01-06T00:00:00,0.23372568372424007
2015-01-06T01:00:00,0.20581543214019513
2015-01-06T02:00:00,0.17790518055615015
2015-01-06T03:00:00,0.14999492897210523
2015-01-06T04:00:00,0.1499676745030505
2015-01-06T05:00:00,0.14994042003399577
2015-01-06T06:00:00,0.14991316556494103
2015-01-06T07:00:00,0.16352997549207146
2015-01-06T08:00:00,0.17714678541920179
2015-01-06T09:00:00,0.19076359534633217
2015-01-06T10:00:00,0.2175707878633095
2015-01-06T11:00:00,0.24437798038028677
2015-01-06T12:00:00,0.27118517289726407
2015-01-06T13:00:00,0.2878515306248901
2015-01-06T14:00:00,0.3045178883525159
2015-01-06T15:00:00,0.3211842460801418
2015-01-06T16:00:00,0.34345380592683344
2015-01-06T17:00:00,0.3657233657735248
2015-01-06T18:00:00,0.38799292562021637
2015-01-06T19:00:00,0.3741609816494905
2015-01-06T20:00:00,0.36032903767876456
2015-01-06T21:00:00,0.3464970937080387
2015-01-06T22:00:00,0.32283226681671906
2015-01-06T23:00:00,0.2991674399253991
2015-01-07T00:00:00,0.3629969797940309
2015-01-07T01:00:00,0.3568935872821925
2015-01-07T02:00:00,0.35079019477035384
2015-01-07T03:00:00,0.3446868022585153
2015-01-07T04:00:00,0.339775036792914
2015-01-07T05:00:00,0.3348632713273127
2015-01-07T06:00:00,0.3299515058617113
2015-01-07T07:00:00,0.35811667997991176
2015-01-07T08:00:00,0.3862818540981122
2015-01-07T09:00:00,0.4144470282163126
2015-01-07T10:00:00,0.4255184232471843
2015-01-07T11:00:00,0.43658981827805593
2015-01-07T12:00:00,0.44766121330892783
2015-01-07T13:00:00,0.4358743233659371
2015-01-07T14:00:00,0.4240874334229466
2015-01-07T15:00:00,0.412300543479956
2015-01-07T16:00:00,0.40045881851266435
2015-01-07T17:00:00,0.38861709354537277
2015-01-07T18:00:00,0.37677536857808114
2015-01-07T19:00:00,0.3801704011305137
2015-01-07T20:00:00,0.3835654336829461
2015-01-07T21:00:00,0.38696046623537866
2015-01-07T22:00:00,0.39406213187265576
2015-01-07T23:00:00,0.4011637975099327
2015-01-08T00:00:00,0.42977631018502865
2015-01-08T01:00:00,0.42694043364861495
2015-01-08T02:00:00,0.42410455711220146
2015-01-08T03:00:00,0.42126868057578787
2015-01-08T04:00:00,0.42529975407418763
2015-01-08T05:00:00,0.4293308275725874
2015-01-08T06:00:00,0.43336190107098727
2015-01-08T07:00:00,0.44568371084991676
2015-01-08T08:00:00,0.4580055206288464
2015-01-08T09:00:00,0.47032733040777597
2015-01-08T10:00:00,0.4748746487627204
2015-01-08T11:00:00,0.4794219671176646
2015-01-08T12:00:00,0.4839692854726091
2015-01-08T13:00:00,0.4829742032290084
2015-01-08T14:00:00,0.48197912098540774
2015-01-08T15:00:00,0.48098403874180706
2015-01-08T16:00:00,0.4804972333612992
2015-01-08T17:00:00,0.4800104279807913
2015-01-08T18:00:00,0.4795236226002834
2015-01-08T19:00:00,0.5062262877146295
2015-01-08T20:00:00,0.5329289528289752
2015-01-08T21:00:00,0.5596316179433211
2015-01-08T22:00:00,0.5777803751560961
2015-01-08T23:00:00,0.595929132368871
2015-01-09T00:00:00,0.5924965555238856
2015-01-09T01:00:00,0.6019546396935058
2015-01-09T02:00:00,0.6114127238631261
2015-01-09T03:00:00,0.6208708080327463
2015-01-09T04:00:00,0.6167494392293313
2015-01-09T05:00:00,0.6126280704259164
2015-01-09T06:00:00,0.6085067016225014
2015-01-09T07:00:00,0.6800698072791743
2015-01-09T08:00:00,0.7516329129358473
2015-01-09T09:00:00,0.8231960185925202
2015-01-09T10:00:00,0.8821306790616801
2015-01-09T11:00:00,0.9410653395308402
2015-01-09T12:00:00,1.0
2015-01-09T13:00:00,0.935383596571195
2015-01-09T14:00:00,0.8707671931423896
2015-01-09T15:00:00,0.8061507897135843
2015-01-09T16:00:00,0.7899920026679983
2015-01-09T17:00:00,0.773833215622412
2015-01-09T18:00:00,0.7576744285768262
2015-01-09T19:00:00,0.7585270984319314
2015-01-09T20:00:00,0.7593797682870365
2015-01-09T21:00:00,0.7602324381421417
2015-01-09T22:00:00,0.6769573143593999
2015-01-09T23:00:00,0.593682190576658
2015-01-10T00:00:00,0.5479992675078922
2015-01-10T01:00:00,0.43644590240763415
2015-01-10T02:00:00,0.32489253730737616
2015-01-10T03:00:00,0.21333917220711815
2015-01-10T04:00:00,0.36428609317443345
2015-01-10T05:00:00,0.5152330141417488
2015-01-10T06:00:00,0.666179935109064
2015-01-10T07:00:00,0.6890547449525544
2015-01-10T08:00:00,0.7119295547960443
2015-01-10T09:00:00,0.7348043646395346
2015-01-10T10:00:00,0.7804465887690605
2015-01-10T11:00:00,0.8260888128985859
2015-01-10T12:00:00,0.8717310370281117
2015-01-10T13:00:00,0.8963665574339005
2015-01-10T14:00:00,0.9210020778396889
2015-01-10T15:00:00,0.9456375982454774
2015-01-10T16:00:00,0.9148263426261884
2015-01-10T17:00:00,0.8840150870068992
2015-01-10T18:00:00,0.85320383138761
2015-01-10T19:00:00,0.8253017235670562
2015-01-10T20:00:00,0.7973996157465019
2015-01-10T21:00:00,0.7694975079259476
2015-01-10T22:00:00,0.7596661198869763
2015-01-10T23:00:00,0.7498347318480044
2015-01-11T00:00:00,0.7999666236625675
2015-01-11T01:00:00,0.7781234256518107
2015-01-11T02:00:00,0.756280227641054
2015-01-11T03:00:00,0.734437029630297
2015-01-11T04:00:00,0.7380033332349106
2015-01-11T05:00:00,0.741569636839524
2015-01-11T06:00:00,0.7451359404441376
2015-01-11T07:00:00,0.7520403783064622
2015-01-11T08:00:00,0.7589448161687868
2015-01-11T09:00:00,0.7658492540311114
2015-01-11T10:00:00,0.7348134919401432
2015-01-11T11:00:00,0.7037777298491744
2015-01-11T12:00:00,0.6727419677582059
2015-01-11T13:00:00,0.7132111808304031
2015-01-11T14:00:00,0.7536803939025997
2015-01-11T15:00:00,0.7941496069747964
2015-01-11T16:00:00,0.7902788522245251
2015-01-11T17:00:00,0.7864080974742534
2015-01-11T18:00:00,0.7825373427239817
2015-01-11T19:00:00,0.7404608346589685
2015-01-11T20:00:00,0.6983843265939551
2015-01-11T21:00:00,0.6563078185289418
2015-01-11T22:00:00,0.6938453585094608
2015-01-11T23:00:00,0.7313828984899796
2015-01-12T00:00:00,0.6626025996100635
2015-01-12T01:00:00,0.6641336351713836
2015-01-12T02:00:00,0.6656646707327034
2015-01-12T03:00:00,0.6671957062940231
2015-01-12T04:00:00,0.6402633563888589
2015-01-12T05:00:00,0.6133310064836947
2015-01-12T06:00:00,0.5863986565785302
2015-01-12T07:00:00,0.6155652986172357
2015-01-12T08:00:00,0.6447319406559413
2015-01-12T09:00:00,0.6738985826946471
2015-01-12T10:00:00,0.6781662574646058
2015-01-12T11:00:00,0.6824339322345646
2015-01-12T12:00:00,0.6867016070045235
2015-01-12T13:00:00,0.6929378338024738
2015-01-12T14:00:00,0.6991740606004241
2015-01-12T15:00:00,0.7054102873983742
2015-01-12T16:00:00,0.6958069597406462
2015-01-12T17:00:00,0.686203632082918
2015-01-12T18:00:00,0.6766003044251899
2015-01-12T19:00:00,0.6700475681715006
2015-01-12T20:00:00,0.6634948319178113
2015-01-12T21:00:00,0.656942095664122
2015-01-12T22:00:00,0.6533015414587975
2015-01-12T23:00:00,0.6496609872534731
2015-01-13T00:00:00,0.6440918852674969
2015-01-13T01:00:00,0.6436147165118451
2015-01-13T02:00:00,0.6431375477561928
2015-01-13T03:00:00,0.6426603790005407
2015-01-13T04:00:00,0.6466026267772071
2015-01-13T05:00:00,0.6505448745538737
2015-01-13T06:00:00,0.6544871223305402
2015-01-13T07:00:00,0.643111949573915
2015-01-13T08:00:00,0.6317367768172896
2015-01-13T09:00:00,0.6203616040606644
2015-01-13T10:00:00,0.6159437226782003
2015-01-13T11:00:00,0.6115258412957361
2015-01-13T12:00:00,0.6071079599132722
2015-01-13T13:00:00,0.6140439215308895
2015-01-13T14:00:00,0.6209798831485066
2015-01-13T15:00:00,0.6279158447661239
2015-01-13T16:00:00,0.6370274152233603
2015-01-13T17:00:00,0.6461389856805968
2015-01-13T18:00:00,0.6552505561378333
2015-01-13T19:00:00,0.6240913056546206
2015-01-13T20:00:00,0.5929320551714077
2015-01-13T21:00:00,0.5617728046881948
2015-01-13T22:00:00,0.5314298154603532
2015-01-13T23:00:00,0.5010868262325117
2015-01-14T00:00:00,0.4573384230940749
2015-01-14T01:00:00,0.45858034099657985
2015-01-14T02:00:00,0.45982225889908485
2015-01-14T03:00:00,0.4610641768015896
2015-01-14T04:00:00,0.46354462479845354
2015-01-14T05:00:00,0.4660250727953176
2015-01-14T06:00:00,0.4685055207921814
2015-01-14T07:00:00,0.4560696827594771
2015-01-14T08:00:00,0.44363384472677286
2015-01-14T09:00:00,0.43119800669406844
2015-01-14T10:00:00,0.4606972041058921
2015-01-14T11:00:00,0.4901964015177157
2015-01-14T12:00:00,0.5196955989295393
2015-01-14T13:00:00,0.47394670969615066
2015-01-14T14:00:00,0.42819782046276184
2015-01-14T15:00:00,0.382448931229373
2015-01-14T16:00:00,0.4068963625660498
2015-01-14T17:00:00,0.43134379390272637
2015-01-14T18:00:00,0.455791225239403
2015-01-14T19:00:00,0.4431614025726849
2015-01-14T20:00:00,0.4305315799059666
2015-01-14T21:00:00,0.4179017572392482
2015-01-14T22:00:00,0.423892848625062
2015-01-14T23:00:00,0.42988394001087576
2015-01-15T00:00:00,0.41837583457641986
2015-01-15T01:00:00,0.4052101867477468
2015-01-15T02:00:00,0.3920445389190737
2015-01-15T03:00:00,0.3788788910904006
2015-01-15T04:00:00,0.4302988997720746
2015-01-15T05:00:00,0.4817189084537484
2015-01-15T06:00:00,0.5331389171354222
2015-01-15T07:00:00,0.5508825020047857
2015-01-15T08:00:00,0.5686260868741488
2015-01-15T09:00:00,0.5863696717435127
2015-01-15T10:00:00,0.5943320086642427
2015-01-15T11:00:00,0.6022943455849727
2015-01-15T12:00:00,0.6102566825057028
2015-01-15T13:00:00,0.608297507223707
2015-01-15T14:00:00,0.6063383319417109
2015-01-15T15:00:00,0.6043791566597149
2015-01-15T16:00:00,0.602116024253195
2015-01-15T17:00:00,0.599852891846675
2015-01-15T18:00:00,0.5975897594401548
2015-01-15T19:00:00,0.6052568974556969
2015-01-15T20:00:00,0.6129240354712387
2015-01-15T21:00:00,0.6205911734867807
2015-01-15T22:00:00,0.5967395083322831
2015-01-15T23:00:00,0.5728878431777853
2015-01-16T00:00:00,0.6049808124022114
2015-01-16T01:00:00,0.5759272132838065
2015-01-16T02:00:00,0.5468736141654013
2015-01-16T03:00:00,0.5178200150469959
2015-01-16T04:00:00,0.49647147973210076
2015-01-16T05:00:00,0.47512294441720543
2015-01-16T06:00:00,0.4537744091023101
2015-01-16T07:00:00,0.43498656598222607
2015-01-16T08:00:00,0.41619872286214166
2015-01-16T09:00:00,0.3974108797420576
2015-01-16T10:00:00,0.3718587230568203
2015-01-16T11:00:00,0.3463065663715833
2015-01-16T12:00:00,0.32075440968634616
2015-01-16T13:00:00,0.28443512531932136
2015-01-16T14:00:00,0.24811584095229638
2015-01-16T15:00:00,0.2117965565852715
2015-01-16T16:00:00,0.22351741056977217
2015-01-16T17:00:00,0.23523826455427288
2015-01-16T18:00:00,0.2469591185387736
2015-01-16T19:00:00,0.22834145214970294
2015-01-16T20:00:00,0.20972378576063225
2015-01-16T21:00:00,0.19110611937156166
2015-01-16T22:00:00,0.17122919250043256
2015-01-16T23:00:00,0.15135226562930346
2015-01-17T00:00:00,0.037663988455332635
2015-01-17T01:00:00,0.07934131350342306
2015-01-17T02:00:00,0.12101863855151351
2015-01-17T03:00:00,0.16269596359960392
2015-01-17T04:00:00,0.2209845592792044
2015-01-17T05:00:00,0.27927315495880484
2015-01-17T06:00:00,0.33756175063840527
2015-01-17T07:00:00,0.3290665863987356
2015-01-17T08:00:00,0.320571422159066
2015-01-17T09:00:00,0.31207625791939636
2015-01-17T10:00:00,0.29715284840917955
2015-01-17T11:00:00,0.28222943889896285
2015-01-17T12:00:00,0.2673060293887461
2015-01-17T13:00:00,0.25533413824695655
2015-01-17T14:00:00,0.2433622471051669
2015-01-17T15:00:00,0.23139035596337734
2015-01-17T16:00:00,0.2618948535672859
2015-01-17T17:00:00,0.2923993511711947
2015-01-17T18:00:00,0.32290384877510325
2015-01-17T19:00:00,0.33368327469696885
2015-01-17T20:00:00,0.3444627006188344
2015-01-17T21:00:00,0.35524212654070003
2015-01-17T22:00:00,0.35084190884183947
2015-01-17T23:00:00,0.3464416911429788
2015-01-18T00:00:00,0.28002522117861456
2015-01-18T01:00:00,0.2971543242449584
2015-01-18T02:00:00,0.31428342731130227
2015-01-18T03:00:00,0.3314125303776462
2015-01-18T04:00:00,0.34273270805950284
2015-01-18T05:00:00,0.3540528857413597
2015-01-18T06:00:00,0.36537306342321635
2015-01-18T07:00:00,0.3484644018135478
2015-01-18T08:00:00,0.33155574020387923
2015-01-18T09:00:00,0.31464707859421065
2015-01-18T10:00:00,0.2829803660700507
2015-01-18T11:00:00,0.25131365354589064
2015-01-18T12:00:00,0.21964694102173074
2015-01-18T13:00:00,0.24077150484445037
2015-01-18T14:00:00,0.2618960686671699
2015-01-18T15:00:00,0.2830206324898895
2015-01-18T16:00:00,0.2872756449367836
2015-01-18T17:00:00,0.2915306573836776
2015-01-18T18:00:00,0.2957856698305715
2015-01-18T19:00:00,0.28037353283164484
2015-01-18T20:00:00,0.26496139583271816
2015-01-18T21:00:00,0.24954925883379153
2015-01-18T22:00:00,0.24718918484313993
2015-01-18T23:00:00,0.24482911085248832
2015-01-19T00:00:00,0.2863477361132209
2015-01-19T01:00:00,0.27552942086616816
2015-01-19T02:00:00,0.2647111056191153
2015-01-19T03:00:00,0.2538927903720625
2015-01-19T04:00:00,0.25512151615626266
2015-01-19T05:00:00,0.2563502419404628
2015-01-19T06:00:00,0.25757896772466293
2015-01-19T07:00:00,0.255866933974932
2015-01-19T08:00:00,0.2541549002252012
2015-01-19T09:00:00,0.2524428664754703
2015-01-19T10:00:00,0.22549184440362086
2015-01-19T11:00:00,0.19854082233177126
2015-01-19T12:00:00,0.17158980025992174
2015-01-19T13:00:00,0.20810395529882306
2015-01-19T14:00:00,0.24461811033772432
2015-01-19T15:00:00,0.2811322653766257
2015-01-19T16:00:00,0.2909156681679885
2015-01-19T17:00:00,0.30069907095935133
2015-01-19T18:00:00,0.3104824737507142
2015-01-19T19:00:00,0.290965239224161
2015-01-19T20:00:00,0.2714480046976078
2015-01-21T22:00:00,0.258578060510094
2015-01-21T23:00:00,0.2801532263908503
2015-01-22T00:00:00,0.259427842139273
2015-01-22T01:00:00,0.2627412744378296
2015-01-22T02:00:00,0.26605470673638615
2015-01-22T03:00:00,0.2693681390349428
2015-01-22T04:00:00,0.2722821223340617
2015-01-22T05:00:00,0.27519610563318075
2015-01-22T06:00:00,0.2781100889322997
2015-01-22T07:00:00,0.27867098264179285
2015-01-22T08:00:00,0.27923187635128616
2015-01-22T09:00:00,0.27979277006077935
2015-01-22T10:00:00,0.28375749773101544
2015-01-22T11:00:00,0.28772222540125153
2015-01-22T12:00:00,0.2916869530714876
2015-01-22T13:00:00,0.2938862629580615
2015-01-22T14:00:00,0.2960855728446353
2015-01-22T15:00:00,0.29828488273120896
2015-01-22T16:00:00,0.2982566744709906
2015-01-22T17:00:00,0.298228466210772
2015-01-22T18:00:00,0.29820025795055355
2015-01-22T19:00:00,0.2873977737764818
2015-01-22T20:00:00,0.27659528960241003
2015-01-22T21:00:00,0.26579280542833833
2015-01-22T22:00:00,0.27274082418772044
2015-01-22T23:00:00,0.2796888429471026
2015-01-23T00:00:00,0.3316425900085402
2015-01-23T01:00:00,0.32968001883835535
2015-01-23T02:00:00,0.3277174476681705
2015-01-23T03:00:00,0.32575487649798573
2015-01-23T04:00:00,0.31757984898301955
2015-01-23T05:00:00,0.30940482146805337
2015-01-23T06:00:00,0.30122979395308713
2015-01-23T07:00:00,0.2708883697406006
2015-01-23T08:00:00,0.24054694552811404
2015-01-23T09:00:00,0.21020552131562753
2015-01-23T10:00:00,0.20317779666265076
2015-01-23T11:00:00,0.19615007200967402
2015-01-23T12:00:00,0.18912234735669728
2015-01-23T13:00:00,0.17386978074858744
2015-01-23T14:00:00,0.1586172141404775
2015-01-23T15:00:00,0.14336464753236763
2015-01-23T16:00:00,0.14987242840707724
2015-01-23T17:00:00,0.15638020928178678
2015-01-23T18:00:00,0.16288799015649638
2015-01-23T19:00:00,0.1506634723956328
2015-01-23T20:00:00,0.13843895463476918
2015-01-23T21:00:00,0.12621443687390563
2015-01-23T22:00:00,0.12892090106162837
2015-01-23T23:00:00,0.1316273652493511
2015-01-24T00:00:00,0.21125514789894062
2015-01-24T01:00:00,0.22688060533310622
2015-01-24T02:00:00,0.2425060627672718
2015-01-24T03:00:00,0.2581315202014373
2015-01-24T04:00:00,0.288542602513566
2015-01-24T05:00:00,0.31895368482569475
2015-01-24T06:00:00,0.3493647671378236
2015-01-24T07:00:00,0.3549030230463515
2015-01-24T08:00:00,0.3604412789548794
2015-01-24T09:00:00,0.36597953486340745
2015-01-24T10:00:00,0.3313804846751088
2015-01-24T11:00:00,0.2967814344868098
2015-01-24T12:00:00,0.2621823842985111
2015-01-24T13:00:00,0.24526792395678884
2015-01-24T14:00:00,0.22835346361506662
2015-01-24T15:00:00,0.21143900327334442
2015-01-24T16:00:00,0.2226640061275537
2015-01-24T17:00:00,0.2338890089817631
2015-01-24T18:00:00,0.2451140118359724
2015-01-24T19:00:00,0.24712611852828498
2015-01-24T20:00:00,0.24913822522059742
2015-01-24T21:00:00,0.25115033191291003
2015-01-24T22:00:00,0.3034353366996508
2015-01-24T23:00:00,0.35572034148639164
2015-01-25T00:00:00,0.4016081856077386
2015-01-25T01:00:00,0.3988930651768789
2015-01-25T02:00:00,0.3961779447460191
2015-01-25T03:00:00,0.3934628243151593
2015-01-25T04:00:00,0.3956597068764724
2015-01-25T05:00:00,0.3978565894377853
2015-01-25T06:00:00,0.4000534719990983
2015-01-25T07:00:00,0.39094473380511885
2015-01-25T08:00:00,0.3818359956111393
2015-01-25T09:00:00,0.37272725741715973
2015-01-25T10:00:00,0.35868028690507014
2015-01-25T11:00:00,0.3446333163929804
2015-01-25T12:00:00,0.33058634588089064
2015-01-25T13:00:00,0.3102706013098803
2015-01-25T14:00:00,0.2899548567388698
2015-01-25T15:00:00,0.2696391121678594
2015-01-25T16:00:00,0.2872343595062233
2015-01-25T17:00:00,0.30482960684458715
2015-01-25T18:00:00,0.32242485418295097
2015-01-25T19:00:00,0.3036011527538777
2015-01-25T20:00:00,0.2847774513248044
2015-01-25T21:00:00,0.26595374989573123
2015-01-25T22:00:00,0.2566994628734026
2015-01-25T23:00:00,0.24744517585107406
2015-01-26T00:00:00,0.2562234498526478
2015-01-26T01:00:00,0.2650361444558128
2015-01-26T02:00:00,0.27384883905897783
2015-01-26T03:00:00,0.2826615336621428
2015-01-26T04:00:00,0.29737195753289264
2015-01-26T05:00:00,0.3120823814036426
2015-01-26T06:00:00,0.3267928052743924
2015-01-26T07:00:00,0.3381177566376193
2015-01-26T08:00:00,0.3494427080008461
2015-01-26T09:00:00,0.3607676593640729
2015-01-26T10:00:00,0.3785556152876693
2015-01-26T11:00:00,0.3963435712112658
2015-01-26T12:00:00,0.4141315271348621
2015-01-26T13:00:00,0.41060967822873917
2015-01-26T14:00:00,0.407087829322616
2015-01-26T15:00:00,0.40356598041649305
2015-01-26T16:00:00,0.4068303437948202
2015-01-26T17:00:00,0.4100947071731475
2015-01-26T18:00:00,0.4133590705514746
2015-01-26T19:00:00,0.45044930596923577
2015-01-26T20:00:00,0.487539541386997
2015-01-26T21:00:00,0.5246297768047583
2015-01-26T22:00:00,0.5252973270200272
2015-01-26T23:00:00,0.5259648772352957
2015-01-27T00:00:00,0.5455022053870977
2015-01-27T01:00:00,0.5137435051607585
2015-01-27T02:00:00,0.4819848049344194
2015-01-27T03:00:00,0.4502261047080804
2015-01-27T04:00:00,0.46538952419411966
2015-01-27T05:00:00,0.4805529436801586
2015-01-27T06:00:00,0.495716363166198
2015-01-27T07:00:00,0.49330418543050725
2015-01-27T08:00:00,0.4908920076948164
2015-01-27T09:00:00,0.4884798299591253
2015-01-27T10:00:00,0.49759907561377603
2015-01-27T11:00:00,0.5067183212684266
2015-01-27T12:00:00,0.5158375669230774
2015-01-27T13:00:00,0.4908103462792578
2015-01-27T14:00:00,0.4657831256354383
2015-01-27T15:00:00,0.4407559049916187
2015-01-27T16:00:00,0.43910302135643126
2015-01-27T17:00:00,0.4374501377212437
2015-01-27T18:00:00,0.4357972540860562
2015-01-27T19:00:00,0.4244490762976137
2015-01-27T20:00:00,0.4131008985091712
2015-01-27T21:00:00,0.4017527207207286
2015-01-27T22:00:00,0.39167714398276593
2015-01-27T23:00:00,0.3816015672448031
2015-01-28T00:00:00,0.38941844178357027
2015-01-28T01:00:00,0.38956185689765105
2015-01-28T02:00:00,0.38970527201173183
2015-01-28T03:00:00,0.38984868712581244
2015-01-28T04:00:00,0.39400437552015466
2015-01-28T05:00:00,0.3981600639144966
2015-01-28T06:00:00,0.40231575230883865
2015-01-28T07:00:00,0.42067376250062166
2015-01-28T08:00:00,0.4390317726924046
2015-01-28T09:00:00,0.45738978288418763
2015-01-28T10:00:00,0.478459281859173
2015-01-28T11:00:00,0.4995287808341583
2015-01-28T12:00:00,0.5205982798091437
2015-01-28T13:00:00,0.549928955124065
2015-01-28T14:00:00,0.5792596304389867
2015-01-28T15:00:00,0.608590305753908
2015-01-28T16:00:00,0.6378766671638548
2015-01-28T17:00:00,0.6671630285738016
2015-01-28T18:00:00,0.6964493899837486
2015-01-28T19:00:00,0.7019763028833682
2015-01-28T20:00:00,0.7075032157829877
2015-01-28T21:00:00,0.7130301286826074
2015-01-28T22:00:00,0.680234810840829
2015-01-28T23:00:00,0.6474394929990506
2015-01-29T00:00:00,0.6220392168679667
2015-01-29T01:00:00,0.6056575735580871
2015-01-29T02:00:00,0.5892759302482078
2015-01-29T03:00:00,0.5728942869383283
2015-01-29T04:00:00,0.5659960409847656
2015-01-29T05:00:00,0.5590977950312028
2015-01-29T06:00:00,0.5521995490776402
2015-01-29T07:00:00,0.5512690607757971
2015-01-29T08:00:00,0.550338572473954
2015-01-29T09:00:00,0.549408084172111
2015-01-29T10:00:00,0.5694235906585009
2015-01-29T11:00:00,0.5894390971448906
2015-01-29T12:00:00,0.6094546036312805
2015-01-29T13:00:00,0.5776683712027286
2015-01-29T14:00:00,0.5458821387741767
2015-01-29T15:00:00,0.5140959063456252
2015-01-29T16:00:00,0.49624054302897996
2015-01-29T17:00:00,0.4783851797123347
2015-01-29T18:00:00,0.4605298163956894
2015-01-29T19:00:00,0.4539693185799707
2015-01-29T20:00:00,0.44740882076425187
2015-01-29T21:00:00,0.44084832294853316
2015-01-29T22:00:00,0.4058997893323502
2015-01-29T23:00:00,0.3709512557161673
2015-01-30T00:00:00,0.3646278639699447
2015-01-30T01:00:00,0.34166884876055953
2015-01-30T02:00:00,0.3187098335511741
2015-01-30T03:00:00,0.2957508183417888
2015-01-30T04:00:00,0.2657260586300946
2015-01-30T05:00:00,0.23570129891840033
2015-01-30T06:00:00,0.2056765392067061
2015-01-30T07:00:00,0.15705189889333226
2015-01-30T08:00:00,0.10842725857995843
2015-01-30T09:00:00,0.059802618266584576
2015-01-30T10:00:00,0.15229515509588856
2015-01-30T11:00:00,0.24478769192519254
2015-01-30T12:00:00,0.33728022875449665
2015-01-30T13:00:00,0.3230930608632389
2015-01-30T14:00:00,0.3089058929719812
2015-01-30T15:00:00,0.29471872508072355
2015-01-30T16:00:00,0.3236489524333577
2015-01-30T17:00:00,0.35257917978599174
2015-01-30T18:00:00,0.3815094071386259
2015-01-30T19:00:00,0.3750289798341699
2015-01-30T20:00:00,0.3685485525297137
2015-01-30T21:00:00,0.36206812522525766
2015-01-30T22:00:00,0.3471873821537226
2015-01-30T23:00:00,0.3323066390821875
2015-01-31T00:00:00,0.32339929047847366
2015-01-31T01:00:00,0.3309448325853314
2015-01-31T02:00:00,0.33849037469218896
2015-01-31T03:00:00,0.3460359167990467
2015-01-31T04:00:00,0.3594371201485937
2015-01-31T05:00:00,0.37283832349814044
2015-01-31T06:00:00,0.38623952684768736
2015-01-31T07:00:00,0.41528868180078804
2015-01-31T08:00:00,0.44433783675388877
2015-01-31T09:00:00,0.4733869917069895
2015-01-31T10:00:00,0.4990389658779665
2015-01-31T11:00:00,0.5246909400489432
2015-01-31T12:00:00,0.5503429142199202
2015-01-31T13:00:00,0.5269072729741379
2015-01-31T14:00:00,0.5034716317283554
2015-01-31T15:00:00,0.48003599048257317
2015-01-31T16:00:00,0.48636881395031933
2015-01-31T17:00:00,0.4927016374180655
2015-01-31T18:00:00,0.49903446088581177
2015-01-31T19:00:00,0.49281592412567843
2015-01-31T20:00:00,0.48659738736554514
2015-01-31T21:00:00,0.4803788506054119
2015-01-31T22:00:00,0.46922794690615016
2015-01-31T23:00:00,0.4580770432068884
2015-02-01T00:00:00,0.39249368949135177
2015-02-01T01:00:00,0.3815577558039111
2015-02-01T02:00:00,0.3706218221164703
2015-02-01T03:00:00,0.3596858884290295
2015-02-01T04:00:00,0.3712941748889268
2015-02-01T05:00:00,0.382902461348824
2015-02-01T06:00:00,0.39451074780872136
2015-02-01T07:00:00,0.3794606077574953
2015-02-01T08:00:00,0.36441046770626934
2015-02-01T09:00:00,0.34936032765504343
2015-02-01T10:00:00,0.37742815494553456
2015-02-01T11:00:00,0.40549598223602584
2015-02-01T12:00:00,0.43356380952651696
2015-02-01T13:00:00,0.4070917110284556
2015-02-01T14:00:00,0.38061961253039406
2015-02-01T15:00:00,0.3541475140323327
2015-02-01T16:00:00,0.37160100324373196
2015-02-01T17:00:00,0.38905449245513124
2015-02-01T18:00:00,0.40650798166653057
2015-02-01T19:00:00,0.4293502023098715
2015-02-01T20:00:00,0.45219242295321216
2015-02-01T21:00:00,0.475034643596553
2015-02-01T22:00:00,0.45731025279064214
2015-02-01T23:00:00,0.4395858619847315
2015-02-02T00:00:00,0.4205027019284228
2015-02-02T01:00:00,0.42184538759872653
2015-02-02T02:00:00,0.42318807326902996
2015-02-02T03:00:00,0.4245307589393337
2015-02-02T04:00:00,0.43453302117498
2015-02-02T05:00:00,0.4445352834106265
2015-02-02T06:00:00,0.45453754564627274
2015-02-02T07:00:00,0.44614362830783283
2015-02-02T08:00:00,0.43774971096939286
2015-02-02T09:00:00,0.4293557936309529
2015-02-02T10:00:00,0.4463703516395786
2015-02-02T11:00:00,0.4633849096482043
2015-02-02T12:00:00,0.48039946765682995
2015-02-02T13:00:00,0.4584025346337656
2015-02-02T14:00:00,0.4364056016107012
2015-02-02T15:00:00,0.4144086685876367
2015-02-02T16:00:00,0.42363347967684506
2015-02-02T17:00:00,0.43285829076605326
2015-02-02T18:00:00,0.4420831018552614
2015-02-02T19:00:00,0.4102935521794057
2015-02-02T20:00:00,0.3785040025035498
2015-02-02T21:00:00,0.346714452827694
2015-02-02T22:00:00,0.3264035596342351
2015-02-02T23:00:00,0.30609266644077604
2015-02-03T00:00:00,0.2809315050569749
2015-02-03T01:00:00,0.2875701003800673
2015-02-03T02:00:00,0.29420869570315983
2015-02-03T03:00:00,0.3008472910262523
2015-02-03T04:00:00,0.3030711316785707
2015-02-03T05:00:00,0.3052949723308891
2015-02-03T06:00:00,0.3075188129832075
2015-02-03T07:00:00,0.32391289993527583
2015-02-03T08:00:00,0.34030698688734423
2015-02-03T09:00:00,0.35670107383941246
2015-02-03T10:00:00,0.3465577893029972
2015-02-03T11:00:00,0.33641450476658163
2015-02-03T12:00:00,0.3262712202301662
2015-02-03T13:00:00,0.3260293210877781
2015-02-03T14:00:00,0.32578742194538995
2015-02-03T15:00:00,0.3255455228030019
2015-02-03T16:00:00,0.32125171377913064
2015-02-03T17:00:00,0.3169579047552592
2015-02-03T18:00:00,0.31266409573138776
2015-02-03T19:00:00,0.3035115108883624
2015-02-03T20:00:00,0.2943589260453369
2015-02-03T21:00:00,0.28520634120231153
2015-02-03T22:00:00,0.28382681983867414
2015-02-03T23:00:00,0.2824472984750368
2015-02-04T00:00:00,0.29330610912941424
2015-02-04T01:00:00,0.28145378551875394
2015-02-04T02:00:00,0.26960146190809364
2015-02-04T03:00:00,0.2577491382974333
2015-02-04T04:00:00,0.2542743012659825
2015-02-04T05:00:00,0.2507994642345316
2015-02-04T06:00:00,0.24732462720308082
2015-02-04T07:00:00,0.25089984540278326
2015-02-04T08:00:00,0.2544750636024859
2015-02-04T09:00:00,0.2580502818021884
2015-02-04T10:00:00,0.25775446097925775
2015-02-04T11:00:00,0.2574586401563272
2015-02-04T12:00:00,0.25716281933339663
2015-02-04T13:00:00,0.25446418193697956
2015-02-04T14:00:00,0.2517655445405624
2015-02-04T15:00:00,0.2490669071441452
2015-02-04T16:00:00,0.23734007897698792
2015-02-04T17:00:00,0.22561325080983052
2015-02-04T18:00:00,0.21388642264267316
2015-02-04T19:00:00,0.214829897375524
2015-02-04T20:00:00,0.21577337210837483
2015-02-04T21:00:00,0.21671684684122564
2015-02-04T22:00:00,0.2039072303358433
2015-02-04T23:00:00,0.19109761383046106
2015-02-05T00:00:00,0.23349255197380667
2015-02-05T01:00:00,0.2284760995692274
2015-02-05T02:00:00,0.22345964716464817
2015-02-05T03:00:00,0.21844319476006896
2015-02-05T04:00:00,0.19689245375594236
2015-02-05T05:00:00,0.17534171275181576
2015-02-05T06:00:00,0.15379097174768916
2015-02-05T07:00:00,0.15044217304061885
2015-02-05T08:00:00,0.1470933743335485
2015-02-05T09:00:00,0.14374457562647822
2015-02-05T10:00:00,0.1779886080161021
2015-02-05T11:00:00,0.2122326404057259
2015-02-05T12:00:00,0.24647667279534977
2015-02-05T13:00:00,0.2586230289242247
2015-02-05T14:00:00,0.27076938505309955
2015-02-05T15:00:00,0.28291574118197443
2015-02-05T16:00:00,0.30086864294205157
2015-02-05T17:00:00,0.31882154470212865
2015-02-05T18:00:00,0.3367744464622058
2015-02-05T19:00:00,0.3408521243958675
2015-02-05T20:00:00,0.3449298023295291
2015-02-05T21:00:00,0.3490074802631908
2015-02-05T22:00:00,0.3373589273147534
2015-02-05T23:00:00,0.3257103743663157
2015-02-06T00:00:00,0.3175888259358524
2015-02-06T01:00:00,0.32546873227108103
2015-02-06T02:00:00,0.3333486386063094
2015-02-06T03:00:00,0.34122854494153787
2015-02-06T04:00:00,0.34698047252027525
2015-02-06T05:00:00,0.3527324000990124
2015-02-06T06:00:00,0.3584843276777497
2015-02-06T07:00:00,0.31867824053108706
2015-02-06T08:00:00,0.2788721533844244
2015-02-06T09:00:00,0.23906606623776186
2015-02-06T10:00:00,0.23661526954713194
2015-02-06T11:00:00,0.23416447285650194
2015-02-06T12:00:00,0.23171367616587205
2015-02-06T13:00:00,0.23229913148917222
2015-02-06T14:00:00,0.23288458681247243
2015-02-06T15:00:00,0.23347004213577252
2015-02-06T16:00:00,0.2521991276133808
2015-02-06T17:00:00,0.270928213090989
2015-02-06T18:00:00,0.28965729856859734
2015-02-06T19:00:00,0.24943281914174
2015-02-06T20:00:00,0.2092083397148826
2015-02-06T21:00:00,0.1689838602880252
2015-02-06T22:00:00,0.15329895857350959
2015-02-06T23:00:00,0.13761405685899397
2015-02-07T00:00:00,0.1543547435619176
2015-02-07T01:00:00,0.19275979500867935
2015-02-07T02:00:00,0.23116484645544122
2015-02-07T03:00:00,0.2695698979022028
2015-02-07T04:00:00,0.29618466282613487
2015-02-07T05:00:00,0.32279942775006687
2015-02-07T06:00:00,0.34941419267399876
2015-02-07T07:00:00,0.3628904870937952
2015-02-07T08:00:00,0.3763667815135915
2015-02-07T09:00:00,0.38984307593338774
2015-02-07T10:00:00,0.4109727605602348
2015-02-07T11:00:00,0.43210244518708185
2015-02-07T12:00:00,0.45323212981392885
2015-02-07T13:00:00,0.4872342360897026
2015-02-07T14:00:00,0.5212363423654763
2015-02-07T15:00:00,0.5552384486412503
2015-02-07T16:00:00,0.5840029111001355
2015-02-07T17:00:00,0.6127673735590204
2015-02-07T18:00:00,0.6415318360179058
2015-02-07T19:00:00,0.6620103002985386
2015-02-07T20:00:00,0.6824887645791716
2015-02-07T21:00:00,0.702967228859805
2015-02-07T22:00:00,0.7083980239789369
2015-02-07T23:00:00,0.713828819098069
2015-02-08T00:00:00,0.7114697923660601
2015-02-08T01:00:00,0.6942685661757673
2015-02-08T02:00:00,0.6770673399854739
2015-02-08T03:00:00,0.6598661137951809
2015-02-08T04:00:00,0.6340575731215199
2015-02-08T05:00:00,0.6082490324478588
2015-02-08T06:00:00,0.582440491774198
2015-02-08T07:00:00,0.5696421879650829
2015-02-08T08:00:00,0.5568438841559679
2015-02-08T09:00:00,0.5440455803468528
2015-02-08T10:00:00,0.5883719161231653
2015-02-08T11:00:00,0.6326982518994778
2015-02-08T12:00:00,0.6770245876757903
2015-02-08T13:00:00,0.6041369108705454
2015-02-08T14:00:00,0.5312492340653001
2015-02-08T15:00:00,0.45836155726005523
2015-02-08T16:00:00,0.44386724186423193
2015-02-08T17:00:00,0.4293729264684087
2015-02-08T18:00:00,0.4148786110725854
2015-02-08T19:00:00,0.4216312941721111
2015-02-08T20:00:00,0.4283839772716369
2015-02-08T21:00:00,0.4351366603711626
2015-02-08T22:00:00,0.4317723792891945
2015-02-08T23:00:00,0.4284080982072262
2015-02-09T00:00:00,0.4607667902969782
2015-02-09T01:00:00,0.48230021299472386
2015-02-09T02:00:00,0.5038336356924696
2015-02-09T03:00:00,0.5253670583902155
2015-02-09T04:00:00,0.5283392034349367
2015-02-09T05:00:00,0.5313113484796581
2015-02-09T06:00:00,0.5342834935243792
2015-02-09T07:00:00,0.5349025790624994
2015-02-09T08:00:00,0.5355216646006195
2015-02-09T09:00:00,0.5361407501387393
2015-02-09T10:00:00,0.5372010676011949
2015-02-09T11:00:00,0.5382613850636508
2015-02-09T12:00:00,0.5393217025261062
2015-02-09T13:00:00,0.5224210203053071
2015-02-09T14:00:00,0.5055203380845079
2015-02-09T15:00:00,0.4886196558637087
2015-02-09T16:00:00,0.48402123348130477
2015-02-09T17:00:00,0.4794228110989006
2015-02-09T18:00:00,0.47482438871649657
2015-02-09T19:00:00,0.4540542921928954
2015-02-09T20:00:00,0.43328419566929427
2015-02-09T21:00:00,0.41251409914569304
2015-02-09T22:00:00,0.40428291380815856
2015-02-09T23:00:00,0.39605172847062403
2015-02-10T00:00:00,0.3578203101928964
2015-02-10T01:00:00,0.3593659392122265
2015-02-10T02:00:00,0.36091156823155646
2015-02-10T03:00:00,0.3624571972508864
2015-02-10T04:00:00,0.37346825391894817
2015-02-10T05:00:00,0.38447931058700985
2015-02-10T06:00:00,0.3954903672550716
2015-02-10T07:00:00,0.37966546060342604
2015-02-10T08:00:00,0.36384055395178044
2015-02-10T09:00:00,0.34801564730013484
2015-02-10T10:00:00,0.36664981203303765
2015-02-10T11:00:00,0.3852839767659405
2015-02-10T12:00:00,0.40391814149884336
2015-02-10T13:00:00,0.37351869083932493
2015-02-10T14:00:00,0.3431192401798065
2015-02-10T15:00:00,0.312719789520288
2015-02-10T16:00:00,0.3133313510497008
2015-02-10T17:00:00,0.3139429125791134
2015-02-10T18:00:00,0.3145544741085261
2015-02-10T19:00:00,0.3249343619688032
2015-02-10T20:00:00,0.33531424982908026
2015-02-10T21:00:00,0.34569413768935725
2015-02-10T22:00:00,0.34125096249798714
2015-02-10T23:00:00,0.33680778730661703
2015-02-11T00:00:00,0.3434163753798161
2015-02-11T01:00:00,0.31958758574220514
2015-02-11T02:00:00,0.295758796104594
2015-02-11T03:00:00,0.271930006466983
2015-02-11T04:00:00,0.2522564497289139
2015-02-11T05:00:00,0.2325828929908447
2015-02-11T06:00:00,0.2129093362527757
2015-02-11T07:00:00,0.19138651545203902
2015-02-11T08:00:00,0.16986369465130235
2015-02-11T09:00:00,0.14834087385056569
2015-02-11T10:00:00,0.1342744508498426
2015-02-11T11:00:00,0.12020802784911949
2015-02-11T12:00:00,0.1061416048483964
2015-02-11T13:00:00,0.08130434946681667
2015-02-11T14:00:00,0.05646709408523692
2015-02-11T15:00:00,0.03162983870365717
2015-02-11T16:00:00,0.06294698571845556
2015-02-11T17:00:00,0.09426413273325393
2015-02-11T18:00:00,0.12558127974805236
2015-02-11T19:00:00,0.14245988188999908
2015-02-11T20:00:00,0.15933848403194595
2015-02-11T21:00:00,0.17621708617389273
2015-02-11T22:00:00,0.17911168489684387
2015-02-11T23:00:00,0.18200628361979496
2015-02-12T00:00:00,0.2389034647924109
2015-02-12T01:00:00,0.24568876069036782
2015-02-12T02:00:00,0.2524740565883247
2015-02-12T03:00:00,0.2592593524862816
2015-02-12T04:00:00,0.25926570460665316
2015-02-12T05:00:00,0.2592720567270246
2015-02-12T06:00:00,0.25927840884739595
2015-02-12T07:00:00,0.22260248549909417
2015-02-12T08:00:00,0.18592656215079228
2015-02-12T09:00:00,0.14925063880249043
2015-02-12T10:00:00,0.127465401147784
2015-02-12T11:00:00,0.10568016349307753
2015-02-12T12:00:00,0.08389492583837102
2015-02-12T13:00:00,0.09643517117521871
2015-02-12T14:00:00,0.10897541651206641
2015-02-12T15:00:00,0.1215156618489141
2015-02-12T16:00:00,0.148347716644049
2015-02-12T17:00:00,0.1751797714391838
2015-02-12T18:00:00,0.20201182623431882
2015-02-12T19:00:00,0.20474834629548094
2015-02-12T20:00:00,0.20748486635664296
2015-02-12T21:00:00,0.21022138641780508
2015-02-12T22:00:00,0.20565572660693612
2015-02-12T23:00:00,0.20109006679606709
2015-02-13T00:00:00,0.21179029203201358
2015-02-13T01:00:00,0.21149388636521158
2015-02-13T02:00:00,0.2111974806984096
2015-02-13T03:00:00,0.21090107503160757
2015-02-13T04:00:00,0.22111879264888587
2015-02-13T05:00:00,0.23133651026616406
2015-02-13T06:00:00,0.24155422788344236
2015-02-13T07:00:00,0.21674311184311273
2015-02-13T08:00:00,0.19193199580278295
2015-02-13T09:00:00,0.16712087976245324
2015-02-13T10:00:00,0.17283068614036526
2015-02-13T11:00:00,0.17854049251827736
2015-02-13T12:00:00,0.1842502988961894
2015-02-13T13:00:00,0.21982051606743191
2015-02-13T14:00:00,0.2553907332386745
2015-02-13T15:00:00,0.29096095040991704
2015-02-13T16:00:00,0.3239229738698749
2015-02-13T17:00:00,0.35688499732983275
2015-02-13T18:00:00,0.3898470207897905
2015-02-13T19:00:00,0.3786369462298078
2015-02-13T20:00:00,0.3674268716698253
2015-02-13T21:00:00,0.35621679710984244
2015-02-13T22:00:00,0.3460350792997494
2015-02-13T23:00:00,0.3358533614896563
2015-02-14T00:00:00,0.28906181460710223
2015-02-14T01:00:00,0.29309933743430566
2015-02-14T02:00:00,0.2971368602615091
2015-02-14T03:00:00,0.3011743830887126
2015-02-14T04:00:00,0.297026672860587
2015-02-14T05:00:00,0.2928789626324614
2015-02-14T06:00:00,0.2887312524043358
2015-02-14T07:00:00,0.2583709829973303
2015-02-14T08:00:00,0.22801071359032477
2015-02-14T09:00:00,0.19765044418331926
2015-02-14T10:00:00,0.18843837059392815
2015-02-14T11:00:00,0.179226297004537
2015-02-14T12:00:00,0.17001422341514588
2015-02-14T13:00:00,0.20105868676939426
2015-02-14T14:00:00,0.23210315012364258
2015-02-14T15:00:00,0.2631476134778908
2015-02-14T16:00:00,0.2886968778780602
2015-02-14T17:00:00,0.31424614227822983
2015-02-14T18:00:00,0.33979540667839936
2015-02-14T19:00:00,0.34813245115361763
2015-02-14T20:00:00,0.3564694956288358
2015-02-14T21:00:00,0.36480654010405406
2015-02-14T22:00:00,0.35899874023136574
2015-02-14T23:00:00,0.3531909403586773
2015-02-15T00:00:00,0.35648183012500156
2015-02-15T01:00:00,0.3642419680553565
2015-02-15T02:00:00,0.3720021059857116
2015-02-15T03:00:00,0.3797622439160666
2015-02-15T04:00:00,0.3835444875347746
2015-02-15T05:00:00,0.3873267311534826
2015-02-15T06:00:00,0.3911089747721906
2015-02-15T07:00:00,0.36212232868380884
2015-02-15T08:00:00,0.3331356825954271
2015-02-15T09:00:00,0.30414903650704533
2015-02-15T10:00:00,0.3084594930091
2015-02-15T11:00:00,0.31276994951115467
2015-02-15T12:00:00,0.31708040601320947
2015-02-15T13:00:00,0.3523785142625163
2015-02-15T14:00:00,0.3876766225118234
2015-02-15T15:00:00,0.4229747307611303
2015-02-15T16:00:00,0.4530443438838979
2015-02-15T17:00:00,0.4831139570066656
2015-02-15T18:00:00,0.513183570129433
2015-02-15T19:00:00,0.5072400571110601
2015-02-15T20:00:00,0.5012965440926868
2015-02-15T21:00:00,0.4953530310743135
2015-02-15T22:00:00,0.49267664472156647
2015-02-15T23:00:00,0.4900002583688192
2015-02-16T00:00:00,0.4860663876108112
2015-02-16T01:00:00,0.488305729912047
2015-02-16T02:00:00,0.49054507221328303
2015-02-16T03:00:00,0.4927844145145188
2015-02-16T04:00:00,0.5042556467902911
2015-02-16T05:00:00,0.5157268790660631
2015-02-16T06:00:00,0.5271981113418354
2015-02-16T07:00:00,0.5066939043058968
2015-02-16T08:00:00,0.4861896972699579
2015-02-16T09:00:00,0.46568549023401923
2015-02-16T10:00:00,0.4599075113373573
2015-02-16T11:00:00,0.45412953244069526
2015-02-16T12:00:00,0.44835155354403317
2015-02-16T13:00:00,0.45426746903461135
2015-02-16T14:00:00,0.4601833845251895
2015-02-16T15:00:00,0.4660993000157676
2015-02-16T16:00:00,0.47879501198247304
2015-02-16T17:00:00,0.4914907239491784
2015-02-16T18:00:00,0.504186435915884
2015-02-16T19:00:00,0.49020034629697273
2015-02-16T20:00:00,0.47621425667806133
2015-02-16T21:00:00,0.46222816705915004
2015-02-16T22:00:00,0.43940995300119245
2015-02-16T23:00:00,0.41659173894323476
2015-02-17T00:00:00,0.4475051649921576
2015-02-17T01:00:00,0.42957911015045647
2015-02-17T02:00:00,0.4116530553087553
2015-02-17T03:00:00,0.39372700046705406
2015-02-17T04:00:00,0.3732255653900923
2015-02-17T05:00:00,0.3527241303131304
2015-02-17T06:00:00,0.3322226952361685
2015-02-17T07:00:00,0.2885349860843075
2015-02-17T08:00:00,0.24484727693244643
2015-02-17T09:00:00,0.20115956778058522
2015-02-17T10:00:00,0.16130855801608707
2015-02-17T11:00:00,0.12145754825158885
2015-02-17T12:00:00,0.08160653848709062
2015-02-17T13:00:00,0.09112000329265442
2015-02-17T14:00:00,0.10063346809821822
2015-02-17T15:00:00,0.110146932903782
2015-02-17T16:00:00,0.17897100972538998
2015-02-17T17:00:00,0.247795086546998
2015-02-17T18:00:00,0.3166191633686059
2015-02-17T19:00:00,0.30732352257044016
2015-02-17T20:00:00,0.2980278817722745
2015-02-17T21:00:00,0.28873224097410877
2015-02-17T22:00:00,0.27266044275051676
2015-02-17T23:00:00,0.2565886445269245
2015-02-18T00:00:00,0.3048163369430406
2015-02-18T01:00:00,0.3019823566065167
2015-02-18T02:00:00,0.2991483762699929
2015-02-18T03:00:00,0.296314395933469
2015-02-18T04:00:00,0.29536435838697356
2015-02-18T05:00:00,0.29441432084047814
2015-02-18T06:00:00,0.29346428329398266
2015-02-18T07:00:00,0.2720433945170767
2015-02-18T08:00:00,0.2506225057401707
2015-02-18T09:00:00,0.22920161696326466
2015-02-18T10:00:00,0.2246584628611021
2015-02-18T11:00:00,0.2201153087589396
2015-02-18T12:00:00,0.2155721546567771
2015-02-18T13:00:00,0.233806503304741
2015-02-18T14:00:00,0.25204085195270487
2015-02-18T15:00:00,0.27027520060066884
2015-02-18T16:00:00,0.3063464204983953
2015-02-18T17:00:00,0.3424176403961215
2015-02-18T18:00:00,0.37848886029384793
2015-02-18T19:00:00,0.37940897474467494
2015-02-18T20:00:00,0.38032908919550196
2015-02-18T21:00:00,0.3812492036463289
2015-02-18T22:00:00,0.38232014219315164
2015-02-18T23:00:00,0.38339108073997435
2015-02-19T00:00:00,0.42524222158495695
2015-02-19T01:00:00,0.41194502115359943
2015-02-19T02:00:00,0.39864782072224175
2015-02-19T03:00:00,0.38535062029088407
2015-02-19T04:00:00,0.3832871841272115
2015-02-19T05:00:00,0.381223747963539
2015-02-19T06:00:00,0.37916031179986626
2015-02-19T07:00:00,0.3614616951101799
2015-02-19T08:00:00,0.3437630784204935
2015-02-19T09:00:00,0.3260644617308071
2015-02-19T10:00:00,0.3213431996616527
2015-02-19T11:00:00,0.31662193759249824
2015-02-19T12:00:00,0.3119006755233439
2015-02-19T13:00:00,0.3035795121273429
2015-02-19T14:00:00,0.295258348731342
2015-02-19T15:00:00,0.28693718533534107
2015-02-19T16:00:00,0.3197980894697999
2015-02-19T17:00:00,0.35265899360425873
2015-02-19T18:00:00,0.3855198977387176
2015-02-19T19:00:00,0.3978928368737371
2015-02-19T20:00:00,0.4102657760087563
2015-02-19T21:00:00,0.42263871514377566
2015-02-19T22:00:00,0.4164261546906905
2015-02-19T23:00:00,0.4102135942376053
2015-02-20T00:00:00,0.4007185254160623
2015-02-20T01:00:00,0.4041672611550036
2015-02-20T02:00:00,0.4076159968939453
2015-02-20T03:00:00,0.4110647326328868
2015-02-20T04:00:00,0.4250645758614874
2015-02-20T05:00:00,0.439064419090088
2015-02-20T06:00:00,0.4530642623186885
2015-02-20T07:00:00,0.42479507835081326
2015-02-20T08:00:00,0.3965258943829381
2015-02-20T09:00:00,0.3682567104150629
2015-02-20T10:00:00,0.4050679844602134
2015-02-20T11:00:00,0.4418792585053638
2015-02-20T12:00:00,0.47869053255051425
2015-02-20T13:00:00,0.44959504518147264
2015-02-20T14:00:00,0.420499557812431
2015-02-20T15:00:00,0.39140407044338926
2015-02-20T16:00:00,0.36807254651319504
2015-02-20T17:00:00,0.3447410225830008
2015-02-20T18:00:00,0.32140949865280666
2015-02-20T19:00:00,0.3593488514621256
2015-02-20T20:00:00,0.39728820427144473
2015-02-20T21:00:00,0.4352275570807638
2015-02-20T22:00:00,0.45059368420810825
2015-02-20T23:00:00,0.46595981133545267
2015-02-21T00:00:00,0.45488867971162744
2015-02-21T01:00:00,0.4838294822787227
2015-02-21T02:00:00,0.5127702848458179
2015-02-21T03:00:00,0.541711087412913
2015-02-21T04:00:00,0.5472684622216505
2015-02-21T05:00:00,0.5528258370303879
2015-02-21T06:00:00,0.5583832118391253
2015-02-21T07:00:00,0.5357320549244214
2015-02-21T08:00:00,0.5130808980097177
2015-02-21T09:00:00,0.49042974109501386
2015-02-21T10:00:00,0.5763020323601987
2015-02-21T11:00:00,0.6621743236253833
2015-02-21T12:00:00,0.7480466148905681
2015-02-21T13:00:00,0.7028767958738064
2015-02-21T14:00:00,0.6577069768570443
2015-02-21T15:00:00,0.6125371578402822
2015-02-21T16:00:00,0.5349161326543953
2015-02-21T17:00:00,0.45729510746850854
2015-02-21T18:00:00,0.37967408228262184
2015-02-21T19:00:00,0.390909843503733
2015-02-21T20:00:00,0.402145604724844
2015-02-21T21:00:00,0.4133813659459552
2015-02-21T22:00:00,0.39985490261111634
2015-02-21T23:00:00,0.38632843927627736
2015-02-22T00:00:00,0.3100865034905909
2015-02-22T01:00:00,0.3032949117863791
2015-02-22T02:00:00,0.29650332008216707
2015-02-22T03:00:00,0.28971172837795506
2015-02-22T04:00:00,0.2826322944605517
2015-02-22T05:00:00,0.2755528605431484
2015-02-22T06:00:00,0.268473426625745
2015-02-22T07:00:00,0.28771799372901663
2015-02-22T08:00:00,0.30696256083228807
2015-02-22T09:00:00,0.3262071279355595
2015-02-22T10:00:00,0.3185854631674505
2015-02-22T11:00:00,0.3109637983993414
2015-02-22T12:00:00,0.3033421336312324
2015-02-22T13:00:00,0.3034476091504782
2015-02-22T14:00:00,0.30355308466972386
2015-02-22T15:00:00,0.3036585601889697
2015-02-22T16:00:00,0.3015965948398649
2015-02-22T17:00:00,0.29953462949076004
2015-02-22T18:00:00,0.29747266414165524
2015-02-22T19:00:00,0.33950988170334795
2015-02-22T20:00:00,0.3815470992650406
2015-02-22T21:00:00,0.4235843168267331
2015-02-22T22:00:00,0.4456497262485669
2015-02-22T23:00:00,0.46771513567040063
2015-02-23T00:00:00,0.46803755378236717
2015-02-23T01:00:00,0.4956881870957528
2015-02-23T02:00:00,0.5233388204091385
2015-02-23T03:00:00,0.5509894537225241
2015-02-23T04:00:00,0.566094762126956
2015-02-23T05:00:00,0.5812000705313881
2015-02-23T06:00:00,0.5963053789358199
2015-02-23T07:00:00,0.5892068206673654
2015-02-23T08:00:00,0.5821082623989109
2015-02-23T09:00:00,0.5750097041304565
2015-02-23T10:00:00,0.5474345717715762
2015-02-23T11:00:00,0.5198594394126959
2015-02-23T12:00:00,0.49228430705381576
2015-02-23T13:00:00,0.47333851834367896
2015-02-23T14:00:00,0.4543927296335422
2015-02-23T15:00:00,0.43544694092340536
2015-02-23T16:00:00,0.4232855797800755
2015-02-23T17:00:00,0.41112421863674564
2015-02-23T18:00:00,0.39896285749341565
2015-02-23T19:00:00,0.39996231448747693
2015-02-23T20:00:00,0.40096177148153805
2015-02-23T21:00:00,0.4019612284755991
2015-02-23T22:00:00,0.4082730532997136
2015-02-23T23:00:00,0.41458487812382805
2015-02-24T00:00:00,0.4020189176899633
2015-02-24T01:00:00,0.4034657719875893
2015-02-24T02:00:00,0.4049126262852153
2015-02-24T03:00:00,0.4063594805828413
2015-02-24T04:00:00,0.40577294929002977
2015-02-24T05:00:00,0.40518641799721816
2015-02-24T06:00:00,0.40459988670440655
2015-02-24T07:00:00,0.38035152235531045
2015-02-24T08:00:00,0.35610315800621445
2015-02-24T09:00:00,0.33185479365711845
2015-02-24T10:00:00,0.38643472436483617
2015-02-24T11:00:00,0.44101465507255394
2015-02-24T12:00:00,0.4955945857802715
2015-02-24T13:00:00,0.47931147653107464
2015-02-24T14:00:00,0.4630283672818777
2015-02-24T15:00:00,0.44674525803268084
2015-02-24T16:00:00,0.4411233082282152
2015-02-24T17:00:00,0.43550135842374943
2015-02-24T18:00:00,0.4298794086192837
2015-02-24T19:00:00,0.42495222435900964
2015-02-24T20:00:00,0.42002504009873554
2015-02-24T21:00:00,0.4150978558384614
2015-02-24T22:00:00,0.3889383698452891
2015-02-24T23:00:00,0.3627788838521168
2015-02-25T00:00:00,0.4059896091560559
2015-02-25T01:00:00,0.38334346467527586
2015-02-25T02:00:00,0.3606973201944957
2015-02-25T03:00:00,0.3380511757137157
2015-02-25T04:00:00,0.3376726071811704
2015-02-25T05:00:00,0.3372940386486251
2015-02-25T06:00:00,0.3369154701160798
2015-02-25T07:00:00,0.30923432934421086
2015-02-25T08:00:00,0.2815531885723419
2015-02-25T09:00:00,0.2538720478004728
2015-02-25T10:00:00,0.26116159960524593
2015-02-25T11:00:00,0.268451151410019
2015-02-25T12:00:00,0.2757407032147921
2015-02-25T13:00:00,0.2515144065846085
2015-02-25T14:00:00,0.22728810995442494
2015-02-25T15:00:00,0.20306181332424136
2015-02-25T16:00:00,0.19742254518074015
2015-02-25T17:00:00,0.19178327703723885
2015-02-25T18:00:00,0.1861440088937376
2015-02-25T19:00:00,0.18783970594057225
2015-02-25T20:00:00,0.1895354029874069
2015-02-25T21:00:00,0.1912311000342416
2015-02-25T22:00:00,0.22745477886373155
2015-02-25T23:00:00,0.26367845769322146
2015-02-26T00:00:00,0.24023003452531633
2015-02-26T01:00:00,0.25625780802908416
2015-02-26T02:00:00,0.27228558153285193
2015-02-26T03:00:00,0.2883133550366197
2015-02-26T04:00:00,0.2914806836659081
2015-02-26T05:00:00,0.29464801229519655
2015-02-26T06:00:00,0.29781534092448503
2015-02-26T07:00:00,0.27523069385078736
2015-02-26T08:00:00,0.2526460467770897
2015-02-26T09:00:00,0.230061399703392
2015-02-26T10:00:00,0.24719195641753303
2015-02-26T11:00:00,0.26432251313167393
2015-02-26T12:00:00,0.2814530698458148
2015-02-26T13:00:00,0.3039595409842409
2015-02-26T14:00:00,0.32646601212266696
2015-02-26T15:00:00,0.348972483261093
2015-02-26T16:00:00,0.37414528202849695
2015-02-26T17:00:00,0.39931808079590086
2015-02-26T18:00:00,0.4244908795633046
2015-02-26T19:00:00,0.4397863721173329
2015-02-26T20:00:00,0.4550818646713611
2015-02-26T21:00:00,0.4703773572253893
2015-02-26T22:00:00,0.47060356825773547
2015-02-26T23:00:00,0.47082977929008163
2015-02-27T00:00:00,0.44481364988688143
2015-02-27T01:00:00,0.4394819629739712
2015-02-27T02:00:00,0.43415027606106094
2015-02-27T03:00:00,0.4288185891481508
2015-02-27T04:00:00,0.41892168075468056
2015-02-27T05:00:00,0.4090247723612104
2015-02-27T06:00:00,0.39912786396774
2015-02-27T07:00:00,0.3522405047794568
2015-02-27T08:00:00,0.30535314559117366
2015-02-27T09:00:00,0.2584657864028905
2015-02-27T10:00:00,0.22960456571415883
2015-02-27T11:00:00,0.2007433450254271
2015-02-27T12:00:00,0.17188212433669545
2015-02-27T13:00:00,0.19895004662074214
2015-02-27T14:00:00,0.2260179689047888
2015-02-27T15:00:00,0.25308589118883557
2015-02-27T16:00:00,0.25511115415797747
2015-02-27T17:00:00,0.2571364171271193
2015-02-27T18:00:00,0.25916168009626117
2015-02-27T19:00:00,0.28182371439828535
2015-02-27T20:00:00,0.30448574870030953
2015-02-27T21:00:00,0.32714778300233377
2015-02-27T22:00:00,0.3536603943853387
2015-02-27T23:00:00,0.3801730057683438
2015-02-28T00:00:00,0.3622347671579226
2015-02-28T01:00:00,0.3730419024813868
2015-02-28T02:00:00,0.38384903780485113
2015-02-28T03:00:00,0.39465617312831536
2015-02-28T04:00:00,0.38288712821012055
2015-02-28T05:00:00,0.37111808329192547
2015-02-28T06:00:00,0.3593490383737307
2015-02-28T07:00:00,0.34462598126258154
2015-02-28T08:00:00,0.3299029241514327
2015-02-28T09:00:00,0.31517986704028367
2015-02-28T10:00:00,0.29626589315847485
2015-02-28T11:00:00,0.2773519192766659
2015-02-28T12:00:00,0.2584379453948571
2015-02-28T13:00:00,0.2554968857596239
2015-02-28T14:00:00,0.25255582612439076
2015-02-28T15:00:00,0.24961476648915765
2015-02-28T16:00:00,0.29372698222466487
2015-02-28T17:00:00,0.33783919796017203
2015-02-28T18:00:00,0.3819514136956793
2015-02-28T19:00:00,0.40762000981221036
2015-02-28T20:00:00,0.43328860592874147
2015-02-28T21:00:00,0.45895720204527257
2015-02-28T22:00:00,0.4691690984008167
2015-02-28T23:00:00,0.4793809947563608
2015-03-01T00:00:00,0.4944645151757764
2015-03-01T01:00:00,0.5096001155168202
2015-03-01T02:00:00,0.5247357158578637
2015-03-01T03:00:00,0.5398713161989075
2015-03-01T04:00:00,0.5437917953390692
2015-03-01T05:00:00,0.5477122744792307
2015-03-01T06:00:00,0.5516327536193922
2015-03-01T07:00:00,0.5560357723237325
2015-03-01T08:00:00,0.5604387910280726
2015-03-01T09:00:00,0.5648418097324125
2015-03-01T10:00:00,0.5451974212128053
2015-03-01T11:00:00,0.5255530326931984
2015-03-01T12:00:00,0.5059086441735913
2015-03-01T13:00:00,0.528933880505265
2015-03-01T14:00:00,0.5519591168369389
2015-03-01T15:00:00,0.5749843531686126
2015-03-01T16:00:00,0.5544663133169724
2015-03-01T17:00:00,0.533948273465332
2015-03-01T18:00:00,0.5134302336136914
2015-03-01T19:00:00,0.5057451804279609
2015-03-01T20:00:00,0.4980601272422299
2015-03-01T21:00:00,0.4903750740564993
2015-03-01T22:00:00,0.48130872493797994
2015-03-01T23:00:00,0.4722423758194606
2015-03-02T00:00:00,0.49999523469337853
2015-03-02T01:00:00,0.528573016477768
2015-03-02T02:00:00,0.5571507982621576
2015-03-02T03:00:00,0.5857285800465472
2015-03-02T04:00:00,0.6132302368478397
2015-03-02T05:00:00,0.6407318936491319
2015-03-02T06:00:00,0.6682335504504244
2015-03-02T07:00:00,0.6613010705866588
2015-03-02T08:00:00,0.6543685907228931
2015-03-02T09:00:00,0.6474361108591276
2015-03-02T10:00:00,0.652958270987285
2015-03-02T11:00:00,0.6584804311154425
2015-03-02T12:00:00,0.6640025912435998
2015-03-02T13:00:00,0.6341872095047858
2015-03-02T14:00:00,0.6043718277659715
2015-03-02T15:00:00,0.5745564460271574
2015-03-02T16:00:00,0.5574960024085143
2015-03-02T17:00:00,0.540435558789871
2015-03-02T18:00:00,0.5233751151712278
2015-03-02T19:00:00,0.5410467655360383
2015-03-02T20:00:00,0.5587184159008484
2015-03-02T21:00:00,0.5763900662656586
2015-03-02T22:00:00,0.5902262320618101
2015-03-02T23:00:00,0.6040623978579616
2015-03-03T00:00:00,0.6047932198506671
2015-03-03T01:00:00,0.6338101652233232
2015-03-03T02:00:00,0.6628271105959798
2015-03-03T03:00:00,0.6918440559686357
2015-03-03T04:00:00,0.6574743178548114
2015-03-03T05:00:00,0.6231045797409869
2015-03-03T06:00:00,0.5887348416271622
2015-03-03T07:00:00,0.5664948028326244
2015-03-03T08:00:00,0.5442547640380864
2015-03-03T09:00:00,0.5220147252435485
2015-03-03T10:00:00,0.5299581601071549
2015-03-03T11:00:00,0.5379015949707616
2015-03-03T12:00:00,0.5458450298343681
2015-03-03T13:00:00,0.5016897338633075
2015-03-03T14:00:00,0.457534437892247
2015-03-03T15:00:00,0.41337914192118624
2015-03-03T16:00:00,0.4146066899279041
2015-03-03T17:00:00,0.4158342379346217
2015-03-03T18:00:00,0.41706178594133964
2015-03-03T19:00:00,0.45664329204971665
2015-03-03T20:00:00,0.49622479815809345
2015-03-03T21:00:00,0.5358063042664705
2015-03-03T22:00:00,0.5103186614691921
2015-03-03T23:00:00,0.4848310186719136
2015-03-04T00:00:00,0.5989187728812431
2015-03-04T01:00:00,0.5896450246706656
2015-03-04T02:00:00,0.5803712764600881
2015-03-04T03:00:00,0.5710975282495105
2015-03-04T04:00:00,0.5546889079073553
2015-03-04T05:00:00,0.5382802875651994
2015-03-04T06:00:00,0.5218716672230438
2015-03-04T07:00:00,0.5187303339993686
2015-03-04T08:00:00,0.5155890007756933
2015-03-04T09:00:00,0.5124476675520179
2015-03-04T10:00:00,0.553218661983585
2015-03-04T11:00:00,0.5939896564151522
2015-03-04T12:00:00,0.6347606508467193
2015-03-04T13:00:00,0.5743720502928353
2015-03-04T14:00:00,0.513983449738951
2015-03-04T15:00:00,0.453594849185067
2015-03-04T16:00:00,0.4751468276543361
2015-03-04T17:00:00,0.4966988061236052
2015-03-04T18:00:00,0.5182507845928742
2015-03-04T19:00:00,0.5079235175479415
2015-03-04T20:00:00,0.49759625050300904
2015-03-04T21:00:00,0.4872689834580764
2015-03-04T22:00:00,0.4344866838910851
2015-03-04T23:00:00,0.38170438432409376
2015-03-05T00:00:00,0.380580027530896
2015-03-05T01:00:00,0.4037120185872089
2015-03-05T02:00:00,0.42684400964352187
2015-03-05T03:00:00,0.44997600069983473
2015-03-05T04:00:00,0.417390557083474
2015-03-05T05:00:00,0.3848051134671133
2015-03-05T06:00:00,0.35221966985075254
2015-03-05T07:00:00,0.35137515123140595
2015-03-05T08:00:00,0.35053063261205947
2015-03-05T09:00:00,0.34968611399271293
2015-03-05T10:00:00,0.36748705739295817
2015-03-05T11:00:00,0.3852880007932032
2015-03-05T12:00:00,0.4030889441934484
2015-03-05T13:00:00,0.39142164082258085
2015-03-05T14:00:00,0.3797543374517135
2015-03-05T15:00:00,0.3680870340808459
2015-03-05T16:00:00,0.325495252381985
2015-03-05T17:00:00,0.28290347068312405
2015-03-05T18:00:00,0.2403116889842631
2015-03-05T19:00:00,0.21793712792261274
2015-03-05T20:00:00,0.1955625668609623
2015-03-05T21:00:00,0.17318800579931184
2015-03-05T22:00:00,0.16878821430949234
2015-03-05T23:00:00,0.1643884228196728
2015-03-06T00:00:00,0.23469773578395628
2015-03-06T01:00:00,0.2666327250108137
2015-03-06T02:00:00,0.2985677142376713
2015-03-06T03:00:00,0.3305027034645287
2015-03-06T04:00:00,0.32982677292247314
2015-03-06T05:00:00,0.32915084238041736
2015-03-06T06:00:00,0.3284749118383618
2015-03-06T07:00:00,0.3057135072083728
2015-03-06T08:00:00,0.28295210257838377
2015-03-06T09:00:00,0.26019069794839467
2015-03-06T10:00:00,0.2811106061885414
2015-03-06T11:00:00,0.30203051442868806
2015-03-06T12:00:00,0.3229504226688348
2015-03-06T13:00:00,0.32938046541747373
2015-03-06T14:00:00,0.3358105081661125
2015-03-06T15:00:00,0.3422405509147515
2015-03-06T16:00:00,0.3361827131522066
2015-03-06T17:00:00,0.3301248753896615
2015-03-06T18:00:00,0.32406703762711664
2015-03-06T19:00:00,0.32712827549600043
2015-03-06T20:00:00,0.330189513364884
2015-03-06T21:00:00,0.3332507512337677
2015-03-06T22:00:00,0.33071926101363375
2015-03-06T23:00:00,0.32818777079349976
2015-03-07T00:00:00,0.3465199820625064
2015-03-07T01:00:00,0.3413758352175284
2015-03-07T02:00:00,0.3362316883725502
2015-03-07T03:00:00,0.3310875415275722
2015-03-07T04:00:00,0.34706049015262047
2015-03-07T05:00:00,0.36303343877766875
2015-03-07T06:00:00,0.37900638740271697
2015-03-07T07:00:00,0.35681740806698736
2015-03-07T08:00:00,0.33462842873125787
2015-03-07T09:00:00,0.3124394493955282
2015-03-07T10:00:00,0.32323970685790593
2015-03-07T11:00:00,0.33403996432028354
2015-03-07T12:00:00,0.3448402217826614
2015-03-07T13:00:00,0.35365505524048263
2015-03-07T14:00:00,0.3624698886983039
2015-03-07T15:00:00,0.3712847221561253
2015-03-07T16:00:00,0.3934062083024465
2015-03-07T17:00:00,0.4155276944487678
2015-03-07T18:00:00,0.437649180595089
2015-03-07T19:00:00,0.43098094923322616
2015-03-07T20:00:00,0.4243127178713632
2015-03-07T21:00:00,0.41764448650950037
2015-03-07T22:00:00,0.4050867390576699
2015-03-07T23:00:00,0.3925289916058394
2015-03-08T00:00:00,0.414279868215389
2015-03-08T01:00:00,0.41281695064837864
2015-03-08T02:00:00,0.4113540330813682
2015-03-08T03:00:00,0.40989111551435775
2015-03-08T04:00:00,0.4035610763253459
2015-03-08T05:00:00,0.397231037136334
2015-03-08T06:00:00,0.39090099794732214
2015-03-08T07:00:00,0.3525238272690027
2015-03-08T08:00:00,0.3141466565906834
2015-03-08T09:00:00,0.27576948591236405
2015-03-08T10:00:00,0.2766121355255242
2015-03-08T11:00:00,0.2774547851386842
2015-03-08T12:00:00,0.27829743475184426
2015-03-08T13:00:00,0.27197652166711056
2015-03-08T14:00:00,0.2656556085823767
2015-03-08T15:00:00,0.2593346954976428
2015-03-08T16:00:00,0.2929308478020225
2015-03-08T17:00:00,0.3265270001064021
2015-03-08T18:00:00,0.3601231524107818
2015-03-08T19:00:00,0.3516923836020212
2015-03-08T20:00:00,0.3432616147932608
2015-03-08T21:00:00,0.33483084598450014
2015-03-08T22:00:00,0.32549305787163507
2015-03-08T23:00:00,0.31615526975877006
2015-03-09T00:00:00,0.36425436316775045
2015-03-09T01:00:00,0.3628685587549211
2015-03-09T02:00:00,0.3614827543420915
2015-03-09T03:00:00,0.36009694992926206
2015-03-09T04:00:00,0.3273571115357136
2015-03-09T05:00:00,0.2946172731421651
2015-03-09T06:00:00,0.2618774347486165
2015-03-09T07:00:00,0.22685483306931034
2015-03-09T08:00:00,0.191832231390004
2015-03-09T09:00:00,0.15680962971069773
2015-03-09T10:00:00,0.10746594024925159
2015-03-09T11:00:00,0.05812225078780543
2015-03-09T12:00:00,0.008778561326359298
2015-03-09T13:00:00,0.017334092924094276
2015-03-09T14:00:00,0.025889624521829243
2015-03-09T15:00:00,0.03444515611956422
2015-03-09T16:00:00,0.06367209876390086
2015-03-09T17:00:00,0.0928990414082375
2015-03-09T18:00:00,0.12212598405257412
2015-03-09T19:00:00,0.20039891506999624
2015-03-09T20:00:00,0.2786718460874184
2015-03-09T21:00:00,0.3569447771048405
2015-03-09T22:00:00,0.3570026190000023
2015-03-09T23:00:00,0.3570604608951639
2015-03-10T00:00:00,0.31597797271330463
2015-03-10T01:00:00,0.31378942639612273
2015-03-10T02:00:00,0.3116008800789407
2015-03-10T03:00:00,0.30941233376175875
2015-03-10T04:00:00,0.30799545864516104
2015-03-10T05:00:00,0.30657858352856343
2015-03-10T06:00:00,0.3051617084119659
2015-03-10T07:00:00,0.2697515531486938
2015-03-10T08:00:00,0.23434139788542196
2015-03-10T09:00:00,0.19893124262215
2015-03-10T10:00:00,0.22334052494048198
2015-03-10T11:00:00,0.24774980725881382
2015-03-10T12:00:00,0.27215908957714574
2015-03-10T13:00:00,0.270941324810251
2015-03-10T14:00:00,0.2697235600433564
2015-03-10T15:00:00,0.26850579527646173
2015-03-10T16:00:00,0.2711396461483343
2015-03-10T17:00:00,0.2737734970202068
2015-03-10T18:00:00,0.27640734789207944
2015-03-10T19:00:00,0.3268177230626282
2015-03-10T20:00:00,0.377228098233177
2015-03-10T21:00:00,0.42763847340372596
2015-03-10T22:00:00,0.4281884996315331
2015-03-10T23:00:00,0.42873852585934014
2015-03-11T00:00:00,0.4249809829640139
2015-03-11T01:00:00,0.4229557573224143
2015-03-11T02:00:00,0.4209305316808147
2015-03-11T03:00:00,0.4189053060392151
2015-03-11T04:00:00,0.42230831665153584
2015-03-11T05:00:00,0.42571132726385663
2015-03-11T06:00:00,0.42911433787617737
2015-03-11T07:00:00,0.44750550051997795
2015-03-11T08:00:00,0.4658966631637786
2015-03-11T09:00:00,0.4842878258075793
2015-03-11T10:00:00,0.4573671202754047
2015-03-11T11:00:00,0.4304464147432301
2015-03-11T12:00:00,0.40352570921105546
2015-03-11T13:00:00,0.4125838580830108
2015-03-11T14:00:00,0.4216420069549662
2015-03-11T15:00:00,0.4307001558269215
2015-03-11T16:00:00,0.4110255130060953
2015-03-11T17:00:00,0.3913508701852691
2015-03-11T18:00:00,0.37167622736444283
2015-03-11T19:00:00,0.3565982776225947
2015-03-11T20:00:00,0.34152032788074643
2015-03-11T21:00:00,0.32644237813889815
2015-03-11T22:00:00,0.308241486818021
2015-03-11T23:00:00,0.2900405954971439
2015-03-12T00:00:00,0.30265068636203957
2015-03-12T01:00:00,0.2998173264037822
2015-03-12T02:00:00,0.2969839664455247
2015-03-12T03:00:00,0.29415060648726726
2015-03-12T04:00:00,0.2657140874516355
2015-03-12T05:00:00,0.23727756841600367
2015-03-12T06:00:00,0.20884104938037196
2015-03-12T07:00:00,0.22333528878144546
2015-03-12T08:00:00,0.23782952818251893
2015-03-12T09:00:00,0.2523237675835925
2015-03-12T10:00:00,0.25092426105361504
2015-03-12T11:00:00,0.2495247545236375
2015-03-12T12:00:00,0.2481252479936601
2015-03-12T13:00:00,0.27257329698938354
2015-03-12T14:00:00,0.29702134598510693
2015-03-12T15:00:00,0.3214693949808303
2015-03-12T16:00:00,0.3362721985228363
2015-03-12T17:00:00,0.3510750020648423
2015-03-12T18:00:00,0.36587780560684835
2015-03-12T19:00:00,0.355806832851076
2015-03-12T20:00:00,0.34573586009530355
2015-03-12T21:00:00,0.3356648873395313
2015-03-12T22:00:00,0.3296160226686223
2015-03-12T23:00:00,0.3235671579977131
2015-03-13T00:00:00,0.30610933991127576
2015-03-13T01:00:00,0.3146247326310712
2015-03-13T02:00:00,0.32314012535086667
2015-03-13T03:00:00,0.331655518070662
2015-03-13T04:00:00,0.3171856274330749
2015-03-13T05:00:00,0.3027157367954877
2015-03-13T06:00:00,0.28824584615790044
2015-03-13T07:00:00,0.2778024389022494
2015-03-13T08:00:00,0.2673590316465983
2015-03-13T09:00:00,0.25691562439094723
2015-03-13T10:00:00,0.2675960769559751
2015-03-13T11:00:00,0.2782765295210031
2015-03-13T12:00:00,0.28895698208603116
2015-03-13T13:00:00,0.26375138359454614
2015-03-13T14:00:00,0.2385457851030612
2015-03-13T15:00:00,0.21334018661157617
2015-03-13T16:00:00,0.26473193935511624
2015-03-13T17:00:00,0.31612369209865626
2015-03-13T18:00:00,0.3675154448421964
2015-03-13T19:00:00,0.36751655482519713
2015-03-13T20:00:00,0.367517664808198
2015-03-13T21:00:00,0.36751877479119893
2015-03-13T22:00:00,0.36747068716002557
2015-03-13T23:00:00,0.3674225995288522
2015-03-14T00:00:00,0.32265503412619834
2015-03-14T01:00:00,0.3295864312856191
2015-03-14T02:00:00,0.3365178284450398
2015-03-14T03:00:00,0.3434492256044605
2015-03-14T04:00:00,0.3426205626562984
2015-03-14T05:00:00,0.3417918997081361
2015-03-14T06:00:00,0.34096323675997403
2015-03-14T07:00:00,0.33166702602780296
2015-03-14T08:00:00,0.3223708152956318
2015-03-14T09:00:00,0.3130746045634607
2015-03-14T10:00:00,0.34380624086384587
2015-03-14T11:00:00,0.374537877164231
2015-03-14T12:00:00,0.40526951346461615
2015-03-14T13:00:00,0.38790200540384245
2015-03-14T14:00:00,0.3705344973430688
2015-03-14T15:00:00,0.35316698928229523
2015-03-14T16:00:00,0.35429921492471983
2015-03-14T17:00:00,0.3554314405671444
2015-03-14T18:00:00,0.356563666209569
2015-03-14T19:00:00,0.3569937245546158
2015-03-14T20:00:00,0.3574237828996627
2015-03-14T21:00:00,0.3578538412447095
2015-03-14T22:00:00,0.36571202015695087
2015-03-14T23:00:00,0.3735701990691924
2015-03-15T00:00:00,0.3608905903489186
2015-03-15T01:00:00,0.37893943301053606
2015-03-15T02:00:00,0.3969882756721533
2015-03-15T03:00:00,0.4150371183337705
2015-03-15T04:00:00,0.4100302896906544
2015-03-15T05:00:00,0.40502346104753817
2015-03-15T06:00:00,0.40001663240442203
2015-03-15T07:00:00,0.4342509716009994
2015-03-15T08:00:00,0.46848531079757677
2015-03-15T09:00:00,0.5027196499941543
2015-03-15T10:00:00,0.491436093594698
2015-03-15T11:00:00,0.4801525371952416
2015-03-15T12:00:00,0.4688689807957853
2015-03-15T13:00:00,0.4820419485102193
2015-03-15T14:00:00,0.49521491622465336
2015-03-15T15:00:00,0.5083878839390874
2015-03-15T16:00:00,0.49354403946295367
2015-03-15T17:00:00,0.47870019498682
2015-03-15T18:00:00,0.4638563505106863
2015-03-15T19:00:00,0.4983549372141782
2015-03-15T20:00:00,0.5328535239176702
2015-03-15T21:00:00,0.5673521106211622
2015-03-15T22:00:00,0.5632308786909823
2015-03-15T23:00:00,0.5591096467608024
2015-03-16T00:00:00,0.5234314974359361
2015-03-16T01:00:00,0.5305190710253949
2015-03-16T02:00:00,0.537606644614854
2015-03-16T03:00:00,0.5446942182043129
2015-03-16T04:00:00,0.5542455187473905
2015-03-16T05:00:00,0.563796819290468
2015-03-16T06:00:00,0.5733481198335457
2015-03-16T07:00:00,0.5520785558037405
2015-03-16T08:00:00,0.5308089917739356
2015-03-16T09:00:00,0.5095394277441305
2015-03-16T10:00:00,0.5287942154851695
2015-03-16T11:00:00,0.5480490032262088
2015-03-16T12:00:00,0.5673037909672477
2015-03-16T13:00:00,0.5559524939821596
2015-03-16T14:00:00,0.5446011969970718
2015-03-16T15:00:00,0.5332499000119839
2015-03-16T16:00:00,0.5452725927385444
2015-03-16T17:00:00,0.5572952854651051
2015-03-16T18:00:00,0.5693179781916659
2015-03-16T19:00:00,0.5682473772339702
2015-03-16T20:00:00,0.5671767762762748
2015-03-16T21:00:00,0.5661061753185792
2015-03-16T22:00:00,0.5495469943631451
2015-03-16T23:00:00,0.5329878134077111
2015-03-17T00:00:00,0.535995987138708
2015-03-17T01:00:00,0.5335466762707272
2015-03-17T02:00:00,0.531097365402746
2015-03-17T03:00:00,0.5286480545347649
2015-03-17T04:00:00,0.5213330548670574
2015-03-17T05:00:00,0.5140180551993497
2015-03-17T06:00:00,0.5067030555316421
2015-03-17T07:00:00,0.48989965390828755
2015-03-17T08:00:00,0.4730962522849328
2015-03-17T09:00:00,0.45629285066157793
2015-03-17T10:00:00,0.4510294358312884
2015-03-17T11:00:00,0.4457660210009987
2015-03-17T12:00:00,0.44050260617070913
2015-03-17T13:00:00,0.43080238165674206
2015-03-17T14:00:00,0.421102157142775
2015-03-17T15:00:00,0.411401932628808
2015-03-17T16:00:00,0.4408341810104078
2015-03-17T17:00:00,0.47026642939200747
2015-03-17T18:00:00,0.4996986777736072
2015-03-17T19:00:00,0.49945456240165076
2015-03-17T20:00:00,0.49921044702969414
2015-03-17T21:00:00,0.4989663316577374
2015-03-17T22:00:00,0.4888890743890614
2015-03-17T23:00:00,0.47881181712038484
2015-03-18T00:00:00,0.48253428432890555
2015-03-18T01:00:00,0.4767242254074233
2015-03-18T02:00:00,0.47091416648594114
2015-03-18T03:00:00,0.4651041075644591
2015-03-18T04:00:00,0.4648888219734886
2015-03-18T05:00:00,0.46467353638251824
2015-03-18T06:00:00,0.4644582507915478
2015-03-18T07:00:00,0.4273398304430458
2015-03-18T08:00:00,0.3902214100945436
2015-03-18T09:00:00,0.3531029897460415
2015-03-18T10:00:00,0.3410429399497181
2015-03-18T11:00:00,0.32898289015339455
2015-03-18T12:00:00,0.31692284035707097
2015-03-18T13:00:00,0.32406220226602694
2015-03-18T14:00:00,0.3312015641749829
2015-03-18T15:00:00,0.3383409260839388
2015-03-18T16:00:00,0.3555209928527533
2015-03-18T17:00:00,0.37270105962156774
2015-03-18T18:00:00,0.38988112639038214
2015-03-18T19:00:00,0.3871011372018573
2015-03-18T20:00:00,0.38432114801333234
2015-03-18T21:00:00,0.3815411588248074
2015-03-18T22:00:00,0.37174593649351007
2015-03-18T23:00:00,0.3619507141622128
2015-03-19T00:00:00,0.36611243459204434
2015-03-19T01:00:00,0.3578023079770366
2015-03-19T02:00:00,0.34949218136202886
2015-03-19T03:00:00,0.34118205474702107
2015-03-19T04:00:00,0.3425930895416539
2015-03-19T05:00:00,0.34400412433628663
2015-03-19T06:00:00,0.3454151591309193
2015-03-19T07:00:00,0.3070114029950575
2015-03-19T08:00:00,0.26860764685919564
2015-03-19T09:00:00,0.23020389072333367
2015-03-19T10:00:00,0.21603240216292685
2015-03-19T11:00:00,0.20186091360252004
2015-03-19T12:00:00,0.18768942504211328
2015-03-19T13:00:00,0.17173710822301613
2015-03-19T14:00:00,0.155784791403919
2015-03-19T15:00:00,0.13983247458482184
2015-03-19T16:00:00,0.17004763766712797
2015-03-19T17:00:00,0.20026280074943406
2015-03-19T18:00:00,0.23047796383174018
2015-03-19T19:00:00,0.23771525779331582
2015-03-19T20:00:00,0.24495255175489156
2015-03-19T21:00:00,0.2521898457164673
2015-03-19T22:00:00,0.25247529963393245
2015-03-19T23:00:00,0.25276075355139754
2015-03-20T00:00:00,0.17224691432349862
2015-03-20T01:00:00,0.16406407436556303
2015-03-20T02:00:00,0.15588123440762738
2015-03-20T03:00:00,0.14769839444969174
2015-03-20T04:00:00,0.15478884466717774
2015-03-20T05:00:00,0.16187929488466382
2015-03-20T06:00:00,0.16896974510214985
2015-03-20T07:00:00,0.14403779875560827
2015-03-20T08:00:00,0.1191058524090667
2015-03-20T09:00:00,0.09417390606252517
2015-03-20T10:00:00,0.11489557698407955
2015-03-20T11:00:00,0.13561724790563398
2015-03-20T12:00:00,0.15633891882718842
2015-03-20T13:00:00,0.1659213928338238
2015-03-20T14:00:00,0.17550386684045916
2015-03-20T15:00:00,0.18508634084709452
2015-03-20T16:00:00,0.19450771671978637
2015-03-20T17:00:00,0.20392909259247816
2015-03-20T18:00:00,0.21335046846516997
2015-03-20T19:00:00,0.23413440112866438
2015-03-20T20:00:00,0.25491833379215867
2015-03-20T21:00:00,0.27570226645565316
2015-03-20T22:00:00,0.2802306670266221
2015-03-20T23:00:00,0.28475906759759106
2015-03-21T00:00:00,0.3236768377125556
2015-03-21T01:00:00,0.30475267964115305
2015-03-21T02:00:00,0.2858285215697504
2015-03-21T03:00:00,0.26690436349834784
2015-03-21T04:00:00,0.27736731036898093
2015-03-21T05:00:00,0.28783025723961414
2015-03-21T06:00:00,0.29829320411024723
2015-03-21T07:00:00,0.2956527069397757
2015-03-21T08:00:00,0.2930122097693041
2015-03-21T09:00:00,0.2903717125988323
2015-03-21T10:00:00,0.2703709097296499
2015-03-21T11:00:00,0.2503701068604674
2015-03-21T12:00:00,0.23036930399128497
2015-03-21T13:00:00,0.18380240897490557
2015-03-21T14:00:00,0.13723551395852615
2015-03-21T15:00:00,0.09066861894214673
2015-03-21T16:00:00,0.1433225262370764
2015-03-21T17:00:00,0.19597643353200597
2015-03-21T18:00:00,0.24863034082693558
2015-03-21T19:00:00,0.3389049508855485
2015-03-21T20:00:00,0.4291795609441615
2015-03-21T21:00:00,0.5194541710027746
2015-03-21T22:00:00,0.5443190975565605
2015-03-21T23:00:00,0.5691840241103461
2015-03-22T00:00:00,0.5333467381339457
2015-03-22T01:00:00,0.504818658007655
2015-03-22T02:00:00,0.47629057788136414
2015-03-22T03:00:00,0.4477624977550734
2015-03-22T04:00:00,0.427513197900933
2015-03-22T05:00:00,0.4072638980467924
2015-03-22T06:00:00,0.38701459819265216
2015-03-22T07:00:00,0.3695374916824215
2015-03-22T08:00:00,0.3520603851721911
2015-03-22T09:00:00,0.3345832786619607
2015-03-22T10:00:00,0.2872615434944162
2015-03-22T11:00:00,0.23993980832687165
2015-03-22T12:00:00,0.19261807315932722
2015-03-22T13:00:00,0.1731719487545205
2015-03-22T14:00:00,0.15372582434971377
2015-03-22T15:00:00,0.13427969994490707
2015-03-22T16:00:00,0.15345279384042523
2015-03-22T17:00:00,0.17262588773594337
2015-03-22T18:00:00,0.19179898163146153
2015-03-22T19:00:00,0.21231746770503593
2015-03-22T20:00:00,0.23283595377861038
2015-03-22T21:00:00,0.25335443985218475
2015-03-22T22:00:00,0.2651373260096534
2015-03-22T23:00:00,0.2769202121671219
2015-03-23T00:00:00,0.2880760396545298
2015-03-23T01:00:00,0.270782391513542
2015-03-23T02:00:00,0.25348874337255417
2015-03-23T03:00:00,0.2361950952315663
2015-03-23T04:00:00,0.23964365288287862
2015-03-23T05:00:00,0.2430922105341908
2015-03-23T06:00:00,0.24654076818550316
2015-03-23T07:00:00,0.21535061749626047
2015-03-23T08:00:00,0.18416046680701778
2015-03-23T09:00:00,0.15297031611777506
2015-03-23T10:00:00,0.16405448184812887
2015-03-23T11:00:00,0.17513864757848263
2015-03-23T12:00:00,0.18622281330883642
2015-03-23T13:00:00,0.19686304320838574
2015-03-23T14:00:00,0.20750327310793512
2015-03-23T15:00:00,0.2181435030074844
2015-03-23T16:00:00,0.22477499716161353
2015-03-25T07:00:00,0.2967037612418138
2015-03-25T08:00:00,0.288545151635833
2015-03-25T09:00:00,0.28038654202985197
2015-03-25T10:00:00,0.2867410665117436
2015-03-25T11:00:00,0.29309559099363514
2015-03-25T12:00:00,0.2994501154755267
2015-03-25T13:00:00,0.31408089059584116
2015-03-25T14:00:00,0.3287116657161557
2015-03-25T15:00:00,0.34334244083647014
2015-03-25T16:00:00,0.38046994641302
2015-03-25T17:00:00,0.41759745198956993
2015-03-25T18:00:00,0.4547249575661198
2015-03-25T19:00:00,0.456173907993706
2015-03-25T20:00:00,0.45762285842129213
2015-03-25T21:00:00,0.45907180884887816
2015-03-25T22:00:00,0.44586583437242205
2015-03-25T23:00:00,0.43265985989596595
2015-03-26T00:00:00,0.4308050238620567
2015-03-26T01:00:00,0.3645173070637
2015-03-26T02:00:00,0.2982295902653432
2015-03-26T03:00:00,0.23194187346698655
2015-03-26T04:00:00,0.28390561687997606
2015-03-26T05:00:00,0.3358693602929655
2015-03-26T06:00:00,0.3878331037059549
2015-03-26T07:00:00,0.3948012385146439
2015-03-26T08:00:00,0.40176937332333285
2015-03-26T09:00:00,0.4087375081320218
2015-03-26T10:00:00,0.3699797004080952
2015-03-26T11:00:00,0.3312218926841687
2015-03-26T12:00:00,0.292464084960242
2015-03-26T13:00:00,0.28802684401492124
2015-03-26T14:00:00,0.2835896030696005
2015-03-26T15:00:00,0.2791523621242798
2015-03-26T16:00:00,0.2667268245416341
2015-03-26T17:00:00,0.25430128695898835
2015-03-26T18:00:00,0.2418757493763426
2015-03-26T19:00:00,0.20938768710254138
2015-03-26T20:00:00,0.17689962482874014
2015-03-26T21:00:00,0.1444115625549389
2015-03-26T22:00:00,0.21663338629378925
2015-03-26T23:00:00,0.28885521003263964
2015-03-27T00:00:00,0.2267805221637437
2015-03-27T01:00:00,0.24473221763568495
2015-03-27T02:00:00,0.2626839131076261
2015-03-27T03:00:00,0.28063560857956715
2015-03-27T04:00:00,0.28262019860681137
2015-03-27T05:00:00,0.2846047886340556
2015-03-27T06:00:00,0.2865893786612998
2015-03-27T07:00:00,0.26639134940522874
2015-03-27T08:00:00,0.2461933201491576
2015-03-27T09:00:00,0.2259952908930865
2015-03-27T10:00:00,0.2299390782850827
2015-03-27T11:00:00,0.23388286567707886
2015-03-27T12:00:00,0.23782665306907494
2015-03-27T13:00:00,0.2610876566648723
2015-03-27T14:00:00,0.28434866026066974
2015-03-27T15:00:00,0.3076096638564672
2015-03-27T16:00:00,0.2931214983162271
2015-03-27T17:00:00,0.2786333327759871
2015-03-27T18:00:00,0.26414516723574716
2015-03-27T19:00:00,0.29149829906090496
2015-03-27T20:00:00,0.3188514308860628
2015-03-27T21:00:00,0.34620456271122046
2015-03-27T22:00:00,0.36178882962384695
2015-03-27T23:00:00,0.37737309653647366
2015-03-28T00:00:00,0.40265691738803966
2015-03-28T01:00:00,0.3818327692828353
2015-03-28T02:00:00,0.361008621177631
2015-03-28T03:00:00,0.3401844730724267
2015-03-28T04:00:00,0.3324696789853746
2015-03-28T05:00:00,0.3247548848983226
2015-03-28T06:00:00,0.31704009081127055
2015-03-28T07:00:00,0.30457002460809557
2015-03-28T08:00:00,0.2920999584049207
2015-03-28T09:00:00,0.2796298922017458
2015-03-28T10:00:00,0.2802680726733474
2015-03-28T11:00:00,0.28090625314494905
2015-03-28T12:00:00,0.2815444336165507
2015-03-28T13:00:00,0.2909754346314511
2015-03-28T14:00:00,0.3004064356463513
2015-03-28T15:00:00,0.3098374366612517
2015-03-28T16:00:00,0.33241987633778247
2015-03-28T17:00:00,0.35500231601431326
2015-03-28T18:00:00,0.37758475569084415
2015-03-28T19:00:00,0.4200815801537952
2015-03-28T20:00:00,0.4625784046167464
2015-03-28T21:00:00,0.5050752290796975
2015-03-28T22:00:00,0.5027100703525481
2015-03-28T23:00:00,0.5003449116253987
2015-03-29T00:00:00,0.4743233365312797
2015-03-29T01:00:00,0.4720940408679748
